gene	R2_batch	R2_group	uniq_batch	uniq_group	dominant
ENSMUSG00000061808	0.0032	0.0582	0.0027	0.0576	group
ENSMUSG00000034739	0.0129	0.0482	0.0122	0.0475	group
ENSMUSG00000083365	0.8946	0.0009	0.8997	0.0059	batch
ENSMUSG00000083558	0.8943	0.0008	0.8994	0.0059	batch
ENSMUSG00000026579	0.0106	0.0466	0.0100	0.0460	group
ENSMUSG00000048108	0.0114	0.0418	0.0113	0.0416	group
ENSMUSG00000001827	0.0025	0.0720	0.0021	0.0716	group
ENSMUSG00000068323	0.0093	0.0498	0.0088	0.0493	group
ENSMUSG00000026051	0.0012	0.0695	0.0009	0.0693	group
ENSMUSG00000022949	0.0025	0.0357	0.0022	0.0354	group
ENSMUSG00000039672	0.0046	0.0628	0.0041	0.0624	group
ENSMUSG00000004655	0.0047	0.0398	0.0046	0.0396	group
ENSMUSG00000005268	0.0134	0.0339	0.0134	0.0339	group
ENSMUSG00000047230	0.0137	0.0561	0.0130	0.0554	group
ENSMUSG00002076173	0.8227	0.0190	0.8377	0.0340	batch
ENSMUSG00000068196	0.0126	0.0283	0.0120	0.0277	group
ENSMUSG00000022425	0.0022	0.0573	0.0019	0.0571	group
ENSMUSG00000021342	0.0130	0.0155	0.0117	0.0141	group
ENSMUSG00000079436	0.0096	0.0588	0.0093	0.0585	group
ENSMUSG00000056174	0.0027	0.0783	0.0029	0.0785	group
ENSMUSG00000020713	0.0202	0.0167	0.0190	0.0155	batch
ENSMUSG00000058488	0.0006	0.0388	0.0006	0.0388	group
ENSMUSG00000028125	0.0131	0.0636	0.0128	0.0633	group
ENSMUSG00002075524	0.7247	0.0450	0.7452	0.0655	batch
ENSMUSG00000016024	0.0000	0.0634	0.0000	0.0634	group
ENSMUSG00000021848	0.0005	0.0322	0.0004	0.0321	group
ENSMUSG00002075551	0.7142	0.0476	0.7350	0.0685	batch
ENSMUSG00000020681	0.0149	0.0478	0.0145	0.0474	group
ENSMUSG00000115783	0.6684	0.0342	0.6555	0.0213	batch
ENSMUSG00000082884	0.8372	0.0203	0.8517	0.0348	batch
ENSMUSG00000014158	0.0075	0.0336	0.0075	0.0337	group
ENSMUSG00000036169	0.0037	0.0504	0.0037	0.0504	group
ENSMUSG00000031786	0.0000	0.0549	0.0000	0.0549	group
ENSMUSG00000030111	0.0007	0.0341	0.0008	0.0342	group
ENSMUSG00000056071	0.0308	0.0653	0.0287	0.0631	group
ENSMUSG00000015652	0.0053	0.0685	0.0050	0.0682	group
ENSMUSG00000055235	0.0015	0.0621	0.0013	0.0620	group
ENSMUSG00000029843	0.0426	0.0387	0.0439	0.0400	batch
ENSMUSG00000115625	0.0039	0.0619	0.0031	0.0611	group
ENSMUSG00000005892	0.0874	0.1513	0.0812	0.1451	group
ENSMUSG00000037086	0.0040	0.0618	0.0034	0.0612	group
ENSMUSG00000037490	0.0045	0.0662	0.0042	0.0659	group
ENSMUSG00000064356	0.7978	0.0230	0.8137	0.0389	batch
ENSMUSG00000017723	0.0058	0.0536	0.0052	0.0530	group
ENSMUSG00000024793	0.0077	0.1593	0.0115	0.1632	group
ENSMUSG00000032246	0.0003	0.0878	0.0004	0.0879	group
ENSMUSG00000097545	0.1377	0.1650	0.1530	0.1803	group
ENSMUSG00002075501	0.5813	0.0912	0.6056	0.1155	batch
ENSMUSG00000016918	0.0108	0.0430	0.0105	0.0427	group
ENSMUSG00000021268	0.1770	0.1509	0.1933	0.1671	batch
ENSMUSG00000057969	0.0006	0.0490	0.0006	0.0490	group
ENSMUSG00000023043	0.0019	0.0493	0.0020	0.0494	group
ENSMUSG00000044349	0.1724	0.1501	0.1883	0.1660	batch
ENSMUSG00000097767	0.1487	0.1440	0.1635	0.1588	batch
ENSMUSG00000025350	0.0000	0.0496	0.0000	0.0496	group
ENSMUSG00000096768	0.0010	0.1065	0.0005	0.1060	group
ENSMUSG00000095562	0.0022	0.1055	0.0014	0.1047	group
ENSMUSG00000032484	0.0355	0.0718	0.0328	0.0691	group
ENSMUSG00000092341	0.3340	0.0954	0.3529	0.1144	batch
ENSMUSG00000032232	0.0059	0.0553	0.0058	0.0553	group
ENSMUSG00000004105	0.0175	0.0706	0.0184	0.0715	group
ENSMUSG00000038357	0.0385	0.0658	0.0360	0.0633	group
ENSMUSG00002076161	0.4655	0.0656	0.4499	0.0500	batch
ENSMUSG00000109122	0.1813	0.0817	0.1917	0.0921	batch
ENSMUSG00000032988	0.0004	0.0530	0.0003	0.0530	group
ENSMUSG00000032128	0.1158	0.0669	0.1249	0.0759	batch
ENSMUSG00000027833	0.0423	0.0396	0.0464	0.0437	batch
ENSMUSG00000097961	0.1707	0.1619	0.1874	0.1786	batch
ENSMUSG00000072572	0.0805	0.1775	0.0920	0.1889	group
ENSMUSG00000056054	0.0361	0.0645	0.0338	0.0621	group
ENSMUSG00000051985	0.2288	0.0179	0.2305	0.0196	batch
ENSMUSG00000032368	0.0038	0.0031	0.0042	0.0034	batch
ENSMUSG00000055333	0.0318	0.0809	0.0279	0.0770	group
ENSMUSG00000091318	0.3073	0.0326	0.3164	0.0417	batch
ENSMUSG00000040380	0.0233	0.0732	0.0196	0.0695	group
ENSMUSG00000118841	0.5473	0.1745	0.5181	0.1453	batch
ENSMUSG00000118866	0.5446	0.1762	0.5152	0.1468	batch
ENSMUSG00000107881	0.0034	0.0692	0.0036	0.0694	group
ENSMUSG00002075795	0.2032	0.3425	0.1779	0.3172	group
ENSMUSG00000020660	0.0319	0.0226	0.0303	0.0209	batch
ENSMUSG00000110710	0.1943	0.1496	0.2121	0.1674	batch
ENSMUSG00000069917	0.0105	0.0482	0.0107	0.0484	group
ENSMUSG00000069919	0.0093	0.0477	0.0096	0.0479	group
ENSMUSG00002076809	0.4271	0.0808	0.4105	0.0642	batch
ENSMUSG00000030450	0.0017	0.0554	0.0015	0.0552	group
ENSMUSG00000111837	0.1276	0.1131	0.1395	0.1249	batch
ENSMUSG00002075987	0.4308	0.0819	0.4138	0.0650	batch
ENSMUSG00000086324	0.3820	0.1325	0.4036	0.1541	batch
ENSMUSG00000046229	0.7212	0.0458	0.7187	0.0432	batch
ENSMUSG00000027570	0.0040	0.0557	0.0037	0.0553	group
ENSMUSG00000032496	0.0459	0.0812	0.0432	0.0786	group
ENSMUSG00000070780	0.0130	0.0248	0.0143	0.0261	group
ENSMUSG00000094840	0.1853	0.0517	0.1935	0.0600	batch
ENSMUSG00000049382	0.0056	0.0766	0.0060	0.0770	group
ENSMUSG00000109505	0.1242	0.0721	0.1312	0.0792	batch
ENSMUSG00000029718	0.0091	0.0188	0.0099	0.0195	group
ENSMUSG00000076609	0.0978	0.0085	0.0965	0.0073	batch
ENSMUSG00000106252	0.8569	0.0053	0.8642	0.0126	batch
ENSMUSG00000091243	0.0029	0.0304	0.0037	0.0312	group
ENSMUSG00000024186	0.0896	0.1055	0.0996	0.1155	group
ENSMUSG00000000214	0.0543	0.1305	0.0575	0.1338	group
ENSMUSG00000097391	0.0566	0.1496	0.0653	0.1583	group
ENSMUSG00000064179	0.0463	0.0640	0.0514	0.0691	group
ENSMUSG00000010080	0.0037	0.0571	0.0037	0.0571	group
ENSMUSG00000119584	0.1510	0.2535	0.1337	0.2362	group
ENSMUSG00000086370	0.1934	0.1935	0.2131	0.2132	group
ENSMUSG00000085028	0.0794	0.1594	0.0910	0.1711	group
ENSMUSG00000073940	0.0083	0.0098	0.0091	0.0106	group
ENSMUSG00000052305	0.0028	0.0087	0.0033	0.0092	group
ENSMUSG00000022512	0.1057	0.0434	0.1032	0.0409	batch
ENSMUSG00000090086	0.1842	0.1272	0.1987	0.1417	batch
ENSMUSG00000098973	0.4028	0.1031	0.4229	0.1232	batch
ENSMUSG00000020374	0.1119	0.0350	0.1084	0.0316	batch
ENSMUSG00000092981	0.1494	0.1184	0.1622	0.1312	batch
ENSMUSG00000026837	0.1836	0.1230	0.1985	0.1380	batch
ENSMUSG00000115632	0.1074	0.0873	0.1156	0.0955	batch
ENSMUSG00000024136	0.0044	0.1775	0.0074	0.1805	group
ENSMUSG00000084904	0.1032	0.1471	0.1145	0.1583	group
ENSMUSG00000024871	0.0846	0.2495	0.0938	0.2586	group
ENSMUSG00000026822	0.0594	0.0645	0.0556	0.0607	group
ENSMUSG00000048450	0.0009	0.0923	0.0010	0.0924	group
ENSMUSG00000061048	0.0002	0.0696	0.0002	0.0695	group
ENSMUSG00000041193	0.0128	0.0785	0.0123	0.0781	group
ENSMUSG00000021948	0.0155	0.0064	0.0165	0.0074	batch
ENSMUSG00000041559	0.2091	0.0199	0.2156	0.0264	batch
ENSMUSG00000011171	0.0096	0.0226	0.0102	0.0232	group
ENSMUSG00000030792	0.1082	0.0027	0.1068	0.0013	batch
ENSMUSG00000032446	0.0159	0.0718	0.0186	0.0745	group
ENSMUSG00000024985	0.0238	0.0324	0.0260	0.0346	group
ENSMUSG00000039004	0.0068	0.0416	0.0079	0.0427	group
ENSMUSG00000035545	0.2216	0.1290	0.2383	0.1458	batch
ENSMUSG00000076498	0.0105	0.0033	0.0100	0.0029	batch
ENSMUSG00000035711	0.0015	0.2018	0.0035	0.2038	group
ENSMUSG00000105700	0.0441	0.0383	0.0469	0.0411	batch
ENSMUSG00000039323	0.0050	0.0300	0.0050	0.0300	group
ENSMUSG00000025473	0.0041	0.1680	0.0068	0.1707	group
ENSMUSG00000001128	0.0189	0.1472	0.0234	0.1518	group
ENSMUSG00000040856	0.0001	0.0521	0.0004	0.0524	group
ENSMUSG00000067571	0.0843	0.1260	0.0902	0.1318	group
ENSMUSG00000101609	0.1183	0.1173	0.1298	0.1288	batch
ENSMUSG00000018822	0.0023	0.1138	0.0042	0.1156	group
ENSMUSG00000063354	0.0007	0.0813	0.0008	0.0814	group
ENSMUSG00000035202	0.2598	0.1663	0.2800	0.1865	batch
ENSMUSG00000020836	0.1340	0.0938	0.1442	0.1040	batch
ENSMUSG00000032572	0.0059	0.1422	0.0089	0.1452	group
ENSMUSG00000092746	0.4950	0.1955	0.4655	0.1660	batch
ENSMUSG00000085334	0.1694	0.1695	0.1870	0.1871	group
ENSMUSG00000044177	0.0465	0.0508	0.0460	0.0503	group
ENSMUSG00000096929	0.0453	0.2010	0.0551	0.2108	group
ENSMUSG00000048583	0.0297	0.0248	0.0307	0.0259	batch
ENSMUSG00002076348	0.4577	0.1244	0.4393	0.1060	batch
ENSMUSG00000038805	0.0012	0.0820	0.0023	0.0831	group
ENSMUSG00000001119	0.1649	0.1003	0.1774	0.1128	batch
ENSMUSG00000109095	0.0476	0.0471	0.0508	0.0503	batch
ENSMUSG00000050315	0.0523	0.0075	0.0539	0.0092	batch
ENSMUSG00000050931	0.0015	0.0622	0.0014	0.0621	group
ENSMUSG00000052861	0.0000	0.1014	0.0000	0.1014	group
ENSMUSG00000039087	0.1266	0.1947	0.1429	0.2110	group
ENSMUSG00000002831	0.0052	0.0511	0.0055	0.0514	group
ENSMUSG00000085925	0.1421	0.0773	0.1522	0.0875	batch
ENSMUSG00000020428	0.0360	0.0561	0.0318	0.0519	group
ENSMUSG00000025488	0.0009	0.0364	0.0012	0.0368	group
ENSMUSG00000096883	0.0005	0.1104	0.0001	0.1101	group
ENSMUSG00002075967	0.8822	0.0011	0.8837	0.0026	batch
ENSMUSG00000083076	0.8491	0.0042	0.8566	0.0117	batch
ENSMUSG00000091509	0.6357	0.0051	0.6415	0.0109	batch
ENSMUSG00000067158	0.0103	0.0515	0.0105	0.0517	group
ENSMUSG00000015653	0.0061	0.0346	0.0059	0.0345	group
ENSMUSG00000035299	0.0448	0.0131	0.0459	0.0143	batch
ENSMUSG00000059049	0.0001	0.0529	0.0003	0.0531	group
ENSMUSG00000068696	0.1387	0.0407	0.1315	0.0334	batch
ENSMUSG00000100826	0.3219	0.1057	0.3416	0.1254	batch
ENSMUSG00000107021	0.0577	0.0530	0.0620	0.0574	batch
ENSMUSG00000097156	0.0965	0.1386	0.1076	0.1496	group
ENSMUSG00000048562	0.0696	0.0936	0.0745	0.0985	group
ENSMUSG00000046844	0.0062	0.0528	0.0048	0.0515	group
ENSMUSG00000062296	0.1299	0.1485	0.1440	0.1626	group
ENSMUSG00000085830	0.0958	0.1598	0.1085	0.1726	group
ENSMUSG00000108920	0.0609	0.0696	0.0655	0.0743	group
ENSMUSG00000025064	0.0010	0.0684	0.0011	0.0685	group
ENSMUSG00000057722	0.0434	0.0440	0.0459	0.0465	group
ENSMUSG00000021806	0.0073	0.0508	0.0075	0.0510	group
ENSMUSG00000106446	0.1054	0.0551	0.1107	0.0604	batch
ENSMUSG00000109362	0.2652	0.0454	0.2760	0.0562	batch
ENSMUSG00000025650	0.0770	0.1680	0.0872	0.1782	group
ENSMUSG00000021760	0.0061	0.0528	0.0060	0.0527	group
ENSMUSG00000026354	0.0035	0.0048	0.0037	0.0050	group
ENSMUSG00000047507	0.0061	0.1168	0.0092	0.1198	group
ENSMUSG00000027966	0.1722	0.1443	0.1872	0.1593	batch
ENSMUSG00000007653	0.0023	0.0163	0.0020	0.0160	group
ENSMUSG00000021763	0.0022	0.0484	0.0021	0.0484	group
ENSMUSG00000040441	0.0522	0.0334	0.0561	0.0373	batch
ENSMUSG00000086503	0.2667	0.1699	0.2895	0.1927	batch
ENSMUSG00000031355	0.2028	0.0363	0.1947	0.0282	batch
ENSMUSG00000029759	0.0006	0.0428	0.0006	0.0428	group
ENSMUSG00000030592	0.0791	0.1337	0.0894	0.1439	group
ENSMUSG00000022847	0.0558	0.1006	0.0628	0.1076	group
ENSMUSG00000089832	0.0218	0.1237	0.0267	0.1286	group
ENSMUSG00000109394	0.2394	0.0975	0.2526	0.1107	batch
ENSMUSG00000061859	0.0715	0.0037	0.0733	0.0056	batch
ENSMUSG00000041380	0.0010	0.0605	0.0009	0.0604	group
ENSMUSG00000109179	0.0846	0.1532	0.0948	0.1635	group
ENSMUSG00002075486	0.6567	0.0227	0.6698	0.0357	batch
ENSMUSG00000038859	0.0038	0.0475	0.0037	0.0474	group
ENSMUSG00000040809	0.0378	0.0673	0.0354	0.0649	group
ENSMUSG00000041390	0.0136	0.0548	0.0144	0.0556	group
ENSMUSG00000044681	0.0437	0.0576	0.0390	0.0529	group
ENSMUSG00000028871	0.0010	0.0113	0.0010	0.0112	group
ENSMUSG00000109536	0.4903	0.0687	0.5061	0.0846	batch
ENSMUSG00000021803	0.0349	0.0716	0.0384	0.0751	group
ENSMUSG00000021098	0.4108	0.0735	0.4295	0.0922	batch
ENSMUSG00000038677	0.0004	0.0372	0.0006	0.0375	group
ENSMUSG00000095041	0.0980	0.1092	0.1079	0.1192	group
ENSMUSG00000102386	0.1338	0.0479	0.1396	0.0537	batch
ENSMUSG00000019929	0.0118	0.0247	0.0104	0.0233	group
ENSMUSG00000019734	0.0762	0.2011	0.0888	0.2137	group
ENSMUSG00000037664	0.0031	0.0588	0.0037	0.0594	group
ENSMUSG00000032679	0.0058	0.0973	0.0051	0.0965	group
ENSMUSG00000082286	0.1128	0.1195	0.1241	0.1309	group
ENSMUSG00000039349	0.0704	0.0111	0.0682	0.0088	batch
ENSMUSG00000095366	0.0002	0.0255	0.0000	0.0253	group
ENSMUSG00000002625	0.1135	0.1017	0.1226	0.1108	batch
ENSMUSG00000071753	0.5229	0.1024	0.5482	0.1277	batch
ENSMUSG00000094410	0.0124	0.0742	0.0157	0.0775	group
ENSMUSG00000050010	0.0733	0.1074	0.0772	0.1113	group
ENSMUSG00000080316	0.1969	0.0965	0.2107	0.1104	batch
ENSMUSG00000105095	0.0410	0.0903	0.0470	0.0963	group
ENSMUSG00000052387	0.0185	0.0351	0.0189	0.0355	group
ENSMUSG00000026247	0.0114	0.0957	0.0083	0.0926	group
ENSMUSG00000025145	0.0497	0.1392	0.0573	0.1468	group
ENSMUSG00000110218	0.0002	0.1756	0.0000	0.1754	group
ENSMUSG00000057286	0.0187	0.0599	0.0196	0.0608	group
ENSMUSG00000022602	0.0697	0.0098	0.0697	0.0098	batch
ENSMUSG00000044976	0.0020	0.0390	0.0024	0.0394	group
ENSMUSG00000105333	0.8017	0.0034	0.8084	0.0100	batch
ENSMUSG00000090667	0.0967	0.0532	0.0897	0.0462	batch
ENSMUSG00000041323	0.0491	0.1170	0.0483	0.1162	group
ENSMUSG00000024830	0.1115	0.1075	0.1204	0.1164	batch
ENSMUSG00000037243	0.0609	0.1258	0.0687	0.1335	group
ENSMUSG00000090137	0.8066	0.0499	0.8015	0.0449	batch
ENSMUSG00000032514	0.0006	0.0870	0.0007	0.0870	group
ENSMUSG00000104814	0.1521	0.0966	0.1639	0.1084	batch
ENSMUSG00000006154	0.1368	0.1250	0.1509	0.1391	batch
ENSMUSG00000030500	0.0036	0.0250	0.0027	0.0241	group
ENSMUSG00000043020	0.0006	0.0798	0.0008	0.0800	group
ENSMUSG00000095134	0.0328	0.0264	0.0338	0.0273	batch
ENSMUSG00000108049	0.2186	0.1106	0.2350	0.1270	batch
ENSMUSG00000058626	0.0037	0.0208	0.0028	0.0200	group
ENSMUSG00000087075	0.0082	0.0177	0.0076	0.0171	group
ENSMUSG00000049353	0.0008	0.0387	0.0008	0.0387	group
ENSMUSG00000079465	0.0090	0.0399	0.0098	0.0407	group
ENSMUSG00000015354	0.0102	0.0555	0.0106	0.0558	group
ENSMUSG00000070306	0.0767	0.1591	0.0771	0.1595	group
ENSMUSG00000021495	0.0784	0.1222	0.0874	0.1312	group
ENSMUSG00000031351	0.0000	0.0566	0.0000	0.0566	group
ENSMUSG00000034917	0.0219	0.0790	0.0192	0.0763	group
ENSMUSG00000061086	0.0228	0.0190	0.0207	0.0170	batch
ENSMUSG00000075707	0.0232	0.0028	0.0237	0.0034	batch
ENSMUSG00000003657	0.0692	0.0167	0.0699	0.0174	batch
ENSMUSG00000020140	0.0383	0.0804	0.0426	0.0847	group
ENSMUSG00000062372	0.1181	0.0123	0.1169	0.0111	batch
ENSMUSG00000028248	0.2943	0.1284	0.3138	0.1480	batch
ENSMUSG00000036151	0.0069	0.1278	0.0097	0.1307	group
ENSMUSG00000102331	0.0803	0.0577	0.0852	0.0627	batch
ENSMUSG00000024299	0.0848	0.1614	0.0956	0.1722	group
ENSMUSG00000113852	0.1462	0.1230	0.1601	0.1370	batch
ENSMUSG00000095123	0.1900	0.1259	0.2064	0.1423	batch
ENSMUSG00000072770	0.0512	0.1431	0.0587	0.1506	group
ENSMUSG00000032373	0.0277	0.0950	0.0255	0.0928	group
ENSMUSG00000022651	0.0366	0.0598	0.0345	0.0576	group
ENSMUSG00000035355	0.2270	0.0036	0.2273	0.0040	batch
ENSMUSG00000021696	0.0001	0.0693	0.0002	0.0694	group
ENSMUSG00000038630	0.0057	0.0034	0.0059	0.0036	batch
ENSMUSG00000019851	0.0059	0.0535	0.0058	0.0534	group
ENSMUSG00000023764	0.0948	0.0970	0.1038	0.1060	group
ENSMUSG00000022098	0.0352	0.1389	0.0425	0.1461	group
ENSMUSG00000053153	0.0003	0.1178	0.0005	0.1180	group
ENSMUSG00000073125	0.0432	0.0336	0.0405	0.0310	batch
ENSMUSG00000040701	0.0392	0.1508	0.0462	0.1578	group
ENSMUSG00000074264	0.0944	0.1508	0.1052	0.1616	group
ENSMUSG00000074340	0.0870	0.1035	0.0966	0.1131	group
ENSMUSG00000009687	0.0739	0.1080	0.0801	0.1141	group
ENSMUSG00000109378	0.0349	0.1732	0.0417	0.1801	group
ENSMUSG00000083421	0.0735	0.0697	0.0768	0.0729	batch
ENSMUSG00000014444	0.0064	0.0103	0.0069	0.0108	group
ENSMUSG00000028883	0.4403	0.0060	0.4366	0.0023	batch
ENSMUSG00000027849	0.1112	0.0903	0.1129	0.0919	batch
ENSMUSG00000022032	0.0001	0.0875	0.0000	0.0874	group
ENSMUSG00000040364	0.0402	0.1380	0.0471	0.1448	group
ENSMUSG00000071398	0.0178	0.1288	0.0181	0.1291	group
ENSMUSG00000026649	0.0540	0.1278	0.0561	0.1299	group
ENSMUSG00000041046	0.0147	0.0473	0.0173	0.0498	group
ENSMUSG00000084911	0.3873	0.0617	0.4041	0.0785	batch
ENSMUSG00000023191	0.0367	0.1818	0.0449	0.1900	group
ENSMUSG00000116594	0.2275	0.0702	0.2380	0.0807	batch
ENSMUSG00000074634	0.1048	0.0040	0.1067	0.0058	batch
ENSMUSG00000040287	0.0496	0.1356	0.0576	0.1435	group
ENSMUSG00000024027	0.1087	0.0404	0.1049	0.0366	batch
ENSMUSG00000086429	0.8609	0.0041	0.8657	0.0089	batch
ENSMUSG00000038112	0.0296	0.0851	0.0351	0.0906	group
ENSMUSG00000006574	0.0358	0.0802	0.0330	0.0774	group
ENSMUSG00000051149	0.5848	0.0117	0.5812	0.0080	batch
ENSMUSG00000111394	0.1995	0.1629	0.2185	0.1819	batch
ENSMUSG00000102865	0.0769	0.0494	0.0801	0.0526	batch
ENSMUSG00000043164	0.0920	0.1302	0.0947	0.1328	group
ENSMUSG00000035649	0.1306	0.1648	0.1451	0.1793	group
ENSMUSG00000029563	0.0635	0.0272	0.0606	0.0243	batch
ENSMUSG00000061028	0.1088	0.1178	0.1198	0.1288	group
ENSMUSG00000034486	0.0535	0.0274	0.0570	0.0309	batch
ENSMUSG00000020904	0.0069	0.0868	0.0057	0.0856	group
ENSMUSG00000028294	0.0297	0.0648	0.0286	0.0638	group
ENSMUSG00000021337	0.0660	0.1592	0.0701	0.1634	group
ENSMUSG00000084950	0.1583	0.0907	0.1698	0.1022	batch
ENSMUSG00000048416	0.0207	0.0820	0.0209	0.0822	group
ENSMUSG00000095332	0.2755	0.0705	0.2901	0.0851	batch
ENSMUSG00000072893	0.0367	0.1245	0.0434	0.1312	group
ENSMUSG00000046056	0.0721	0.2492	0.0842	0.2613	group
ENSMUSG00000110996	0.2541	0.0226	0.2492	0.0177	batch
ENSMUSG00000070427	0.0943	0.1037	0.1029	0.1123	group
ENSMUSG00000100131	0.6371	0.0342	0.6527	0.0497	batch
ENSMUSG00000028047	0.0447	0.1084	0.0517	0.1154	group
ENSMUSG00000027677	0.2968	0.1492	0.3182	0.1705	batch
ENSMUSG00000018554	0.1334	0.1148	0.1448	0.1261	batch
ENSMUSG00000104362	0.2602	0.1153	0.2765	0.1316	batch
ENSMUSG00000002930	0.0010	0.0538	0.0017	0.0544	group
ENSMUSG00000036131	0.0308	0.0981	0.0343	0.1015	group
ENSMUSG00000026686	0.0001	0.0668	0.0001	0.0668	group
ENSMUSG00000037868	0.0185	0.0011	0.0181	0.0007	batch
ENSMUSG00000054889	0.0025	0.0120	0.0030	0.0124	group
ENSMUSG00000038257	0.4308	0.0041	0.4280	0.0014	batch
ENSMUSG00000085396	0.1428	0.1665	0.1588	0.1825	group
ENSMUSG00000031548	0.0040	0.0355	0.0039	0.0355	group
ENSMUSG00000111390	0.1650	0.1174	0.1786	0.1310	batch
ENSMUSG00000034009	0.3737	0.0196	0.3833	0.0292	batch
ENSMUSG00000075014	0.0204	0.0468	0.0196	0.0460	group
ENSMUSG00000072845	0.0048	0.0340	0.0046	0.0338	group
ENSMUSG00000000392	0.0375	0.0497	0.0367	0.0490	group
ENSMUSG00000033792	0.0472	0.0320	0.0451	0.0299	batch
ENSMUSG00000022194	0.0702	0.2253	0.0825	0.2376	group
ENSMUSG00000019737	0.0556	0.1883	0.0654	0.1981	group
ENSMUSG00000034771	0.0605	0.1015	0.0674	0.1084	group
ENSMUSG00000045903	0.0049	0.0194	0.0039	0.0185	group
ENSMUSG00000016493	0.4056	0.0655	0.4225	0.0824	batch
ENSMUSG00000031503	0.0814	0.1975	0.0943	0.2103	group
ENSMUSG00000063511	0.1220	0.1202	0.1333	0.1315	batch
ENSMUSG00000023968	0.0343	0.0650	0.0389	0.0696	group
ENSMUSG00000026034	0.0774	0.1375	0.0878	0.1479	group
ENSMUSG00000110390	0.0904	0.1242	0.1011	0.1348	group
ENSMUSG00000034467	0.0178	0.2078	0.0201	0.2101	group
ENSMUSG00000009350	0.0515	0.0356	0.0492	0.0332	batch
ENSMUSG00000041261	0.0002	0.0519	0.0001	0.0518	group
ENSMUSG00000028962	0.0004	0.0486	0.0003	0.0485	group
ENSMUSG00000107962	0.2013	0.1536	0.2191	0.1714	batch
ENSMUSG00000037738	0.0010	0.1562	0.0010	0.1562	group
ENSMUSG00000116718	0.1346	0.1052	0.1453	0.1158	batch
ENSMUSG00000078485	0.1025	0.1180	0.1130	0.1284	group
ENSMUSG00000032511	0.0007	0.0458	0.0003	0.0453	group
ENSMUSG00000021032	0.0009	0.1313	0.0023	0.1328	group
ENSMUSG00000045282	0.0349	0.1753	0.0431	0.1836	group
ENSMUSG00000107826	0.1414	0.0555	0.1505	0.0645	batch
ENSMUSG00000042707	0.0159	0.2083	0.0167	0.2091	group
ENSMUSG00000037762	0.0006	0.0524	0.0010	0.0527	group
ENSMUSG00000048732	0.1256	0.0336	0.1197	0.0277	batch
ENSMUSG00000023122	0.0018	0.0457	0.0017	0.0457	group
ENSMUSG00000074483	0.0341	0.0763	0.0315	0.0736	group
ENSMUSG00000113167	0.6087	0.0435	0.6272	0.0619	batch
ENSMUSG00000017677	0.2565	0.1713	0.2776	0.1924	batch
ENSMUSG00000018581	0.0000	0.0248	0.0001	0.0249	group
ENSMUSG00000107927	0.0276	0.0167	0.0299	0.0191	batch
ENSMUSG00000040605	0.0107	0.1887	0.0152	0.1932	group
ENSMUSG00000027318	0.1392	0.1152	0.1390	0.1149	batch
ENSMUSG00000053465	0.0026	0.0579	0.0036	0.0589	group
ENSMUSG00000036972	0.0180	0.0592	0.0183	0.0595	group
ENSMUSG00000020178	0.0020	0.0118	0.0017	0.0115	group
ENSMUSG00000015647	0.0484	0.0607	0.0529	0.0652	group
ENSMUSG00000024033	0.0060	0.1542	0.0060	0.1543	group
ENSMUSG00000009378	0.0417	0.0364	0.0410	0.0357	batch
ENSMUSG00000038115	0.0062	0.0764	0.0042	0.0744	group
ENSMUSG00000051029	0.0135	0.1077	0.0115	0.1057	group
ENSMUSG00000029022	0.0452	0.0900	0.0505	0.0953	group
ENSMUSG00000022829	0.0001	0.0283	0.0000	0.0282	group
ENSMUSG00000104435	0.0948	0.0802	0.1033	0.0887	batch
ENSMUSG00000040167	0.8791	0.0069	0.8853	0.0131	batch
ENSMUSG00000032122	0.0076	0.0406	0.0080	0.0410	group
ENSMUSG00000030525	0.0732	0.0141	0.0711	0.0120	batch
ENSMUSG00000021250	0.0101	0.0212	0.0101	0.0212	group
ENSMUSG00000034616	0.1070	0.1312	0.1191	0.1434	group
ENSMUSG00000085007	0.0554	0.0143	0.0540	0.0129	batch
ENSMUSG00000078552	0.0233	0.0680	0.0264	0.0712	group
ENSMUSG00000036198	0.0174	0.1972	0.0239	0.2036	group
ENSMUSG00000026475	0.0401	0.0132	0.0422	0.0153	batch
ENSMUSG00000024650	0.0994	0.0229	0.1017	0.0253	batch
ENSMUSG00000028749	0.0184	0.0173	0.0178	0.0167	batch
ENSMUSG00000032586	0.0016	0.1374	0.0005	0.1363	group
ENSMUSG00000038760	0.0481	0.0217	0.0450	0.0185	batch
ENSMUSG00000036357	0.0068	0.0754	0.0049	0.0734	group
ENSMUSG00000030878	0.0058	0.0795	0.0064	0.0801	group
ENSMUSG00000029661	0.0048	0.0594	0.0066	0.0612	group
ENSMUSG00000039629	0.0154	0.0572	0.0133	0.0551	group
ENSMUSG00000086859	0.0669	0.0932	0.0734	0.0996	group
ENSMUSG00000039552	0.0024	0.1046	0.0025	0.1048	group
ENSMUSG00000066150	0.0001	0.0673	0.0001	0.0672	group
ENSMUSG00000035279	0.0962	0.2091	0.1099	0.2227	group
ENSMUSG00000103697	0.1303	0.0947	0.1420	0.1064	batch
ENSMUSG00000084890	0.3596	0.0989	0.3746	0.1139	batch
ENSMUSG00000032968	0.0738	0.0735	0.0807	0.0804	batch
ENSMUSG00000027523	0.7579	0.0050	0.7570	0.0041	batch
ENSMUSG00000046480	0.0062	0.0070	0.0067	0.0075	group
ENSMUSG00000020241	0.1431	0.0741	0.1523	0.0833	batch
ENSMUSG00000118161	0.4402	0.0452	0.4394	0.0444	batch
ENSMUSG00000105814	0.6496	0.0078	0.6584	0.0166	batch
ENSMUSG00000030882	0.0783	0.0561	0.0841	0.0619	batch
ENSMUSG00000004630	0.0029	0.0507	0.0019	0.0498	group
ENSMUSG00000102729	0.4147	0.0725	0.4334	0.0913	batch
ENSMUSG00000027356	0.2449	0.0162	0.2520	0.0233	batch
ENSMUSG00000047976	0.0030	0.0242	0.0036	0.0248	group
ENSMUSG00000030125	0.0152	0.0635	0.0162	0.0645	group
ENSMUSG00000058498	0.1736	0.0588	0.1791	0.0643	batch
ENSMUSG00000025504	0.0001	0.0204	0.0001	0.0204	group
ENSMUSG00000040536	0.3362	0.0137	0.3344	0.0118	batch
ENSMUSG00000060284	0.0334	0.0913	0.0375	0.0954	group
ENSMUSG00000028197	0.1386	0.1733	0.1481	0.1828	group
ENSMUSG00000029304	0.0001	0.1556	0.0001	0.1556	group
ENSMUSG00000034227	0.0191	0.1161	0.0177	0.1147	group
ENSMUSG00000038775	0.1255	0.0292	0.1276	0.0313	batch
ENSMUSG00000031654	0.0344	0.0237	0.0325	0.0218	batch
ENSMUSG00000110043	0.0250	0.0682	0.0236	0.0668	group
ENSMUSG00000036687	0.0045	0.0868	0.0044	0.0867	group
ENSMUSG00000074733	0.1774	0.0925	0.1891	0.1043	batch
ENSMUSG00000038718	0.0756	0.0654	0.0760	0.0658	batch
ENSMUSG00000074486	0.0414	0.1337	0.0371	0.1293	group
ENSMUSG00000109006	0.0038	0.0056	0.0037	0.0055	group
ENSMUSG00000037341	0.0558	0.0212	0.0546	0.0199	batch
ENSMUSG00000030862	0.0169	0.0345	0.0169	0.0346	group
ENSMUSG00000061589	0.1258	0.1485	0.1393	0.1621	group
ENSMUSG00000105368	0.0489	0.1870	0.0586	0.1967	group
ENSMUSG00000025409	0.2203	0.1208	0.2357	0.1363	batch
ENSMUSG00000072294	0.0046	0.0135	0.0054	0.0144	group
ENSMUSG00000117310	0.7733	0.0044	0.7696	0.0007	batch
ENSMUSG00000053819	0.2855	0.0374	0.2757	0.0276	batch
ENSMUSG00000030270	0.0295	0.0081	0.0291	0.0077	batch
ENSMUSG00000059851	0.0459	0.1939	0.0557	0.2037	group
ENSMUSG00000110332	0.1266	0.0874	0.1283	0.0891	batch
ENSMUSG00000061436	0.0156	0.0244	0.0176	0.0264	group
ENSMUSG00000024610	0.0002	0.0340	0.0003	0.0341	group
ENSMUSG00000092274	0.0626	0.0723	0.0697	0.0794	group
ENSMUSG00000020799	0.0340	0.1687	0.0340	0.1687	group
ENSMUSG00000028753	0.0004	0.1294	0.0003	0.1293	group
ENSMUSG00000106944	0.1457	0.1587	0.1613	0.1744	group
ENSMUSG00000114230	0.2297	0.0274	0.2371	0.0348	batch
ENSMUSG00000035413	0.0369	0.0301	0.0374	0.0307	batch
ENSMUSG00000041354	0.0728	0.1232	0.0819	0.1324	group
ENSMUSG00000039110	0.0000	0.0817	0.0000	0.0817	group
ENSMUSG00000059898	0.1631	0.0256	0.1640	0.0264	batch
ENSMUSG00000022475	0.1368	0.0808	0.1460	0.0900	batch
ENSMUSG00000051951	0.0023	0.0321	0.0015	0.0314	group
ENSMUSG00000046192	0.0190	0.1352	0.0171	0.1333	group
ENSMUSG00000067578	0.1434	0.0250	0.1380	0.0197	batch
ENSMUSG00000072647	0.1215	0.1473	0.1359	0.1617	group
ENSMUSG00000023067	0.2158	0.0490	0.2225	0.0557	batch
ENSMUSG00000019817	0.1361	0.0068	0.1393	0.0100	batch
ENSMUSG00000040373	0.0299	0.0044	0.0309	0.0054	batch
ENSMUSG00000047021	0.0895	0.0541	0.0944	0.0589	batch
ENSMUSG00000001506	0.0120	0.2561	0.0171	0.2612	group
ENSMUSG00000078958	0.1111	0.0532	0.1082	0.0502	batch
ENSMUSG00000036814	0.1005	0.0129	0.1035	0.0159	batch
ENSMUSG00000039481	0.3415	0.0158	0.3458	0.0201	batch
ENSMUSG00000002007	0.1089	0.1580	0.1217	0.1707	group
ENSMUSG00000035967	0.1602	0.1468	0.1763	0.1629	batch
ENSMUSG00000048612	0.0000	0.0701	0.0001	0.0702	group
ENSMUSG00000064280	0.0314	0.1817	0.0319	0.1822	group
ENSMUSG00000043923	0.0872	0.1234	0.0957	0.1319	group
ENSMUSG00000040372	0.0262	0.0425	0.0236	0.0398	group
ENSMUSG00000041710	0.0208	0.0516	0.0179	0.0488	group
ENSMUSG00000001444	0.0460	0.0917	0.0492	0.0949	group
ENSMUSG00000063975	0.0036	0.0574	0.0037	0.0575	group
ENSMUSG00000037593	0.1923	0.0243	0.1995	0.0315	batch
ENSMUSG00000056501	0.8051	0.0029	0.8050	0.0027	batch
ENSMUSG00002075188	0.2654	0.1523	0.2872	0.1741	batch
ENSMUSG00000016356	0.0795	0.0838	0.0881	0.0923	group
ENSMUSG00000083863	0.6032	0.0528	0.6210	0.0706	batch
ENSMUSG00000030551	0.0072	0.0063	0.0066	0.0057	batch
ENSMUSG00000020732	0.0444	0.0333	0.0432	0.0320	batch
ENSMUSG00000098188	0.0176	0.0719	0.0192	0.0734	group
ENSMUSG00000078922	0.0225	0.0726	0.0246	0.0747	group
ENSMUSG00000047139	0.0582	0.0342	0.0614	0.0374	batch
ENSMUSG00000042793	0.0953	0.1590	0.0987	0.1625	group
ENSMUSG00000118667	0.0398	0.0653	0.0442	0.0698	group
ENSMUSG00000032338	0.0375	0.0336	0.0368	0.0330	batch
ENSMUSG00000095079	0.0346	0.0738	0.0314	0.0706	group
ENSMUSG00000032525	0.0937	0.1392	0.1056	0.1511	group
ENSMUSG00000054976	0.6095	0.0098	0.6158	0.0161	batch
ENSMUSG00000022150	0.0389	0.0324	0.0414	0.0349	batch
ENSMUSG00000030123	0.2318	0.0296	0.2272	0.0250	batch
ENSMUSG00000020953	0.0038	0.0558	0.0038	0.0558	group
ENSMUSG00000063415	0.0924	0.0052	0.0947	0.0076	batch
ENSMUSG00000038526	0.0055	0.1154	0.0060	0.1159	group
ENSMUSG00000033590	0.0481	0.0220	0.0517	0.0256	batch
ENSMUSG00000059326	0.1076	0.1291	0.1183	0.1398	group
ENSMUSG00000113328	0.1122	0.1562	0.1261	0.1700	group
ENSMUSG00000041180	0.0009	0.0201	0.0005	0.0198	group
ENSMUSG00000004951	0.3933	0.1290	0.3765	0.1121	batch
ENSMUSG00000020125	0.0333	0.0603	0.0312	0.0582	group
ENSMUSG00000037474	0.2452	0.0023	0.2441	0.0013	batch
ENSMUSG00000090053	0.0240	0.0294	0.0266	0.0321	group
ENSMUSG00000031504	0.0241	0.0714	0.0240	0.0713	group
ENSMUSG00000047990	0.2731	0.0009	0.2730	0.0008	batch
ENSMUSG00000116560	0.0261	0.0074	0.0248	0.0061	batch
ENSMUSG00000093460	0.0002	0.0743	0.0008	0.0749	group
ENSMUSG00000074825	0.0018	0.0941	0.0021	0.0944	group
ENSMUSG00000004328	0.0907	0.1097	0.0927	0.1117	group
ENSMUSG00000028246	0.0030	0.0391	0.0022	0.0382	group
ENSMUSG00000074489	0.0452	0.0936	0.0510	0.0994	group
ENSMUSG00000067860	0.0121	0.0143	0.0114	0.0136	group
ENSMUSG00000030043	0.0181	0.0606	0.0153	0.0579	group
ENSMUSG00000051043	0.0137	0.0854	0.0146	0.0863	group
ENSMUSG00000063260	0.0002	0.0103	0.0001	0.0103	group
ENSMUSG00000102976	0.3631	0.0449	0.3770	0.0588	batch
ENSMUSG00000045871	0.0216	0.0084	0.0225	0.0093	batch
ENSMUSG00000104033	0.5809	0.0556	0.5995	0.0742	batch
ENSMUSG00000002227	0.0816	0.0760	0.0894	0.0838	batch
ENSMUSG00000116812	0.0249	0.0077	0.0236	0.0064	batch
ENSMUSG00000040940	0.1085	0.1341	0.1205	0.1461	group
ENSMUSG00000074227	0.0178	0.0322	0.0198	0.0342	group
ENSMUSG00000031189	0.0425	0.0232	0.0396	0.0203	batch
ENSMUSG00000104399	0.1326	0.1141	0.1444	0.1259	batch
ENSMUSG00000047496	0.0129	0.0096	0.0141	0.0108	batch
ENSMUSG00000002588	0.0061	0.0620	0.0054	0.0613	group
ENSMUSG00000092090	0.0901	0.0630	0.0981	0.0710	batch
ENSMUSG00000015090	0.0008	0.0470	0.0006	0.0467	group
ENSMUSG00000048721	0.1161	0.1706	0.1045	0.1590	group
ENSMUSG00000090210	0.0021	0.1263	0.0039	0.1281	group
ENSMUSG00000101939	0.6752	0.0007	0.6789	0.0044	batch
ENSMUSG00000057836	0.0227	0.0668	0.0211	0.0651	group
ENSMUSG00000020912	0.2104	0.0658	0.2005	0.0559	batch
ENSMUSG00000034258	0.0139	0.0567	0.0157	0.0585	group
ENSMUSG00000036502	0.0228	0.0470	0.0197	0.0438	group
ENSMUSG00000040624	0.0108	0.0371	0.0098	0.0361	group
ENSMUSG00000071337	0.3017	0.1416	0.3217	0.1616	batch
ENSMUSG00000029335	0.2168	0.0033	0.2162	0.0028	batch
ENSMUSG00000064360	0.6736	0.0007	0.6774	0.0044	batch
ENSMUSG00000103183	0.1596	0.0601	0.1673	0.0678	batch
ENSMUSG00000103983	0.1964	0.1897	0.2152	0.2085	batch
ENSMUSG00000118462	0.0008	0.0426	0.0007	0.0425	group
ENSMUSG00000026414	0.1810	0.0023	0.1795	0.0007	batch
ENSMUSG00000103482	0.0687	0.0587	0.0733	0.0634	batch
ENSMUSG00000015377	0.1080	0.0935	0.1169	0.1023	batch
ENSMUSG00000117465	0.0517	0.1188	0.0561	0.1232	group
ENSMUSG00000005899	0.0724	0.1339	0.0816	0.1432	group
ENSMUSG00000040690	0.1430	0.1819	0.1546	0.1935	group
ENSMUSG00000040434	0.0183	0.1168	0.0183	0.1168	group
ENSMUSG00000036281	0.1341	0.0605	0.1421	0.0684	batch
ENSMUSG00000104156	0.1328	0.1622	0.1485	0.1779	group
ENSMUSG00000073016	0.0227	0.0475	0.0195	0.0443	group
ENSMUSG00000003476	0.0090	0.0695	0.0080	0.0685	group
ENSMUSG00000060429	0.0060	0.0365	0.0062	0.0368	group
ENSMUSG00000087022	0.3661	0.0025	0.3658	0.0021	batch
ENSMUSG00000030108	0.0351	0.0467	0.0387	0.0503	group
ENSMUSG00000036395	0.0016	0.0630	0.0016	0.0631	group
ENSMUSG00000045573	0.0363	0.0945	0.0340	0.0923	group
ENSMUSG00000010136	0.0263	0.1497	0.0274	0.1508	group
ENSMUSG00000029334	0.1524	0.0071	0.1497	0.0043	batch
ENSMUSG00000034275	0.2048	0.0934	0.2198	0.1084	batch
ENSMUSG00000030898	0.2037	0.0220	0.1990	0.0173	batch
ENSMUSG00000089736	0.1444	0.0987	0.1568	0.1111	batch
ENSMUSG00000044712	0.1120	0.1468	0.1229	0.1577	group
ENSMUSG00000031488	0.0025	0.0723	0.0026	0.0725	group
ENSMUSG00000097182	0.0446	0.0016	0.0455	0.0025	batch
ENSMUSG00000048004	0.6996	0.0009	0.7040	0.0053	batch
ENSMUSG00000030047	0.1200	0.0021	0.1218	0.0039	batch
ENSMUSG00000004626	0.1334	0.0653	0.1420	0.0739	batch
ENSMUSG00000018844	0.0030	0.2575	0.0058	0.2603	group
ENSMUSG00000030002	0.1113	0.2119	0.1269	0.2276	group
ENSMUSG00000064345	0.6412	0.0228	0.6544	0.0360	batch
ENSMUSG00000040938	0.1019	0.0703	0.1084	0.0769	batch
ENSMUSG00000001930	0.0026	0.0658	0.0030	0.0662	group
ENSMUSG00000027896	0.1326	0.0302	0.1388	0.0364	batch
ENSMUSG00000022762	0.0506	0.0038	0.0510	0.0041	batch
ENSMUSG00000116305	0.0574	0.0928	0.0612	0.0966	group
ENSMUSG00000113536	0.1037	0.0578	0.1116	0.0657	batch
ENSMUSG00000049148	0.0007	0.0485	0.0004	0.0482	group
ENSMUSG00000038048	0.0001	0.0877	0.0004	0.0880	group
ENSMUSG00000113216	0.1975	0.0331	0.2042	0.0399	batch
ENSMUSG00000013584	0.0618	0.0196	0.0626	0.0203	batch
ENSMUSG00000058147	0.0536	0.0681	0.0505	0.0650	group
ENSMUSG00000115138	0.0605	0.0566	0.0665	0.0626	batch
ENSMUSG00000019232	0.0266	0.0313	0.0295	0.0342	group
ENSMUSG00000047907	0.0205	0.0055	0.0196	0.0047	batch
ENSMUSG00000087528	0.0739	0.1306	0.0834	0.1401	group
ENSMUSG00000008999	0.0526	0.0256	0.0554	0.0284	batch
ENSMUSG00000117113	0.1590	0.2179	0.1756	0.2345	group
ENSMUSG00000039997	0.0006	0.2238	0.0024	0.2256	group
ENSMUSG00000035597	0.2505	0.1681	0.2722	0.1898	batch
ENSMUSG00000025188	0.1353	0.0594	0.1432	0.0672	batch
ENSMUSG00000085886	0.1888	0.1442	0.2067	0.1621	batch
ENSMUSG00000039943	0.0050	0.0029	0.0049	0.0028	batch
ENSMUSG00000050211	0.3459	0.0742	0.3326	0.0609	batch
ENSMUSG00000006014	0.1781	0.0039	0.1772	0.0030	batch
ENSMUSG00000097636	0.0272	0.0677	0.0303	0.0708	group
ENSMUSG00000033762	0.0100	0.2452	0.0059	0.2411	group
ENSMUSG00000062151	0.0098	0.0618	0.0074	0.0595	group
ENSMUSG00000023473	0.1026	0.1625	0.1153	0.1752	group
ENSMUSG00000021390	0.0788	0.0607	0.0860	0.0678	batch
ENSMUSG00000118642	0.0176	0.0682	0.0150	0.0656	group
ENSMUSG00000062949	0.1466	0.0632	0.1564	0.0730	batch
ENSMUSG00000062542	0.0017	0.0610	0.0028	0.0621	group
ENSMUSG00000044279	0.0039	0.0492	0.0038	0.0492	group
ENSMUSG00000007888	0.1680	0.0374	0.1609	0.0303	batch
ENSMUSG00000022861	0.0997	0.0341	0.0947	0.0291	batch
ENSMUSG00000021303	0.1157	0.0730	0.1163	0.0736	batch
ENSMUSG00000067736	0.3200	0.0448	0.3325	0.0573	batch
ENSMUSG00000052212	0.0408	0.0555	0.0388	0.0535	group
ENSMUSG00000025903	0.7562	0.0102	0.7642	0.0182	batch
ENSMUSG00000107577	0.0840	0.1826	0.0954	0.1940	group
ENSMUSG00000068117	0.1927	0.0160	0.1876	0.0109	batch
ENSMUSG00000085181	0.4599	0.0158	0.4672	0.0231	batch
ENSMUSG00000010175	0.0003	0.0452	0.0000	0.0450	group
ENSMUSG00000065947	0.3104	0.0458	0.3229	0.0583	batch
ENSMUSG00000020385	0.2684	0.1135	0.2846	0.1296	batch
ENSMUSG00000085779	0.1107	0.0799	0.1182	0.0873	batch
ENSMUSG00000046613	0.1431	0.0354	0.1483	0.0406	batch
ENSMUSG00000055373	0.6790	0.0264	0.6935	0.0409	batch
ENSMUSG00000031722	0.0642	0.0420	0.0624	0.0402	batch
ENSMUSG00000027965	0.5348	0.0158	0.5336	0.0147	batch
ENSMUSG00000086753	0.0823	0.1596	0.0922	0.1694	group
ENSMUSG00000100213	0.3440	0.0093	0.3496	0.0149	batch
ENSMUSG00000048038	0.0989	0.0807	0.1005	0.0823	batch
ENSMUSG00000033383	0.0506	0.0658	0.0554	0.0705	group
ENSMUSG00000059674	0.0146	0.1361	0.0112	0.1328	group
ENSMUSG00000033740	0.0675	0.0573	0.0624	0.0522	batch
ENSMUSG00000101599	0.2082	0.0608	0.2164	0.0690	batch
ENSMUSG00000092540	0.0001	0.0962	0.0000	0.0961	group
ENSMUSG00000001348	0.0582	0.0211	0.0581	0.0210	batch
ENSMUSG00000021647	0.0299	0.1786	0.0238	0.1725	group
ENSMUSG00000025278	0.0737	0.1667	0.0849	0.1778	group
ENSMUSG00000039095	0.1197	0.0018	0.1196	0.0017	batch
ENSMUSG00000046982	0.1943	0.0419	0.1960	0.0436	batch
ENSMUSG00000031285	0.3421	0.1111	0.3544	0.1233	batch
ENSMUSG00000031502	0.1728	0.1648	0.1902	0.1822	batch
ENSMUSG00000106943	0.0228	0.0957	0.0266	0.0995	group
ENSMUSG00000015970	0.0031	0.0898	0.0046	0.0913	group
ENSMUSG00000038370	0.0099	0.0059	0.0094	0.0055	batch
ENSMUSG00000051166	0.1399	0.1518	0.1548	0.1668	group
ENSMUSG00000011154	0.0176	0.1909	0.0170	0.1903	group
ENSMUSG00000037279	0.0462	0.0353	0.0424	0.0315	batch
ENSMUSG00000048483	0.1715	0.0185	0.1662	0.0132	batch
ENSMUSG00000026042	0.0435	0.1911	0.0530	0.2006	group
ENSMUSG00000023943	0.0009	0.0860	0.0006	0.0857	group
ENSMUSG00000026072	0.0040	0.0612	0.0026	0.0597	group
ENSMUSG00000023826	0.1116	0.0346	0.1177	0.0407	batch
ENSMUSG00000017754	0.0013	0.0428	0.0014	0.0429	group
ENSMUSG00000043872	0.0213	0.1509	0.0272	0.1568	group
ENSMUSG00000028012	0.0113	0.0416	0.0118	0.0421	group
ENSMUSG00000070644	0.0972	0.0556	0.0902	0.0486	batch
ENSMUSG00000041653	0.1504	0.0630	0.1609	0.0736	batch
ENSMUSG00000118859	0.2656	0.2321	0.2414	0.2079	batch
ENSMUSG00000047606	0.0270	0.0093	0.0284	0.0107	batch
ENSMUSG00000027270	0.1211	0.0015	0.1218	0.0023	batch
ENSMUSG00000042010	0.0132	0.0246	0.0122	0.0236	group
ENSMUSG00000118837	0.2798	0.2282	0.2552	0.2036	batch
ENSMUSG00000119892	0.2755	0.2312	0.2509	0.2066	batch
ENSMUSG00000118718	0.2755	0.2312	0.2509	0.2066	batch
ENSMUSG00000106746	0.8385	0.0032	0.8373	0.0020	batch
ENSMUSG00000091898	0.0142	0.0027	0.0142	0.0027	batch
ENSMUSG00000031980	0.1681	0.0808	0.1804	0.0932	batch
ENSMUSG00000026141	0.0864	0.1538	0.0986	0.1660	group
ENSMUSG00000006958	0.0027	0.1276	0.0047	0.1297	group
ENSMUSG00000113055	0.1354	0.0326	0.1403	0.0375	batch
ENSMUSG00000005583	0.4683	0.0037	0.4704	0.0058	batch
ENSMUSG00000024330	0.0057	0.1470	0.0087	0.1500	group
ENSMUSG00000117254	0.0172	0.0765	0.0138	0.0731	group
ENSMUSG00000119776	0.2839	0.2496	0.2580	0.2237	batch
ENSMUSG00000025348	0.0012	0.0673	0.0023	0.0684	group
ENSMUSG00000057440	0.0196	0.0272	0.0212	0.0288	group
ENSMUSG00000110206	0.0887	0.1013	0.0987	0.1113	group
ENSMUSG00000102697	0.0406	0.0225	0.0411	0.0230	batch
ENSMUSG00000078747	0.1236	0.0693	0.1312	0.0768	batch
ENSMUSG00000005893	0.0054	0.0175	0.0047	0.0168	group
ENSMUSG00000037014	0.0448	0.0372	0.0413	0.0338	batch
ENSMUSG00000025006	0.0623	0.0040	0.0617	0.0034	batch
ENSMUSG00000085828	0.0364	0.1004	0.0427	0.1067	group
ENSMUSG00000079355	0.0076	0.0584	0.0065	0.0573	group
ENSMUSG00000045648	0.0666	0.0122	0.0656	0.0112	batch
ENSMUSG00000042473	0.0396	0.0025	0.0387	0.0017	batch
ENSMUSG00000034295	0.1342	0.0255	0.1295	0.0208	batch
ENSMUSG00000105881	0.3309	0.0636	0.3464	0.0790	batch
ENSMUSG00000099871	0.0267	0.0707	0.0311	0.0751	group
ENSMUSG00000035200	0.0339	0.0017	0.0347	0.0025	batch
ENSMUSG00000103364	0.0028	0.0875	0.0038	0.0886	group
ENSMUSG00000053964	0.1252	0.1377	0.1373	0.1498	group
ENSMUSG00000035431	0.0779	0.0373	0.0830	0.0424	batch
ENSMUSG00000033585	0.0002	0.2225	0.0015	0.2238	group
ENSMUSG00000078921	0.0236	0.0479	0.0254	0.0496	group
ENSMUSG00000020473	0.0497	0.0630	0.0556	0.0690	group
ENSMUSG00000090272	0.0185	0.1495	0.0137	0.1447	group
ENSMUSG00000086544	0.1387	0.1109	0.1518	0.1240	batch
ENSMUSG00000026479	0.1363	0.0154	0.1353	0.0145	batch
ENSMUSG00000043621	0.0168	0.1165	0.0169	0.1167	group
ENSMUSG00000031375	0.0000	0.0288	0.0000	0.0288	group
ENSMUSG00000085609	0.0036	0.0069	0.0040	0.0073	group
ENSMUSG00000032278	0.0100	0.0064	0.0099	0.0062	batch
ENSMUSG00000005124	0.1766	0.0189	0.1794	0.0217	batch
ENSMUSG00000054986	0.3544	0.0412	0.3449	0.0317	batch
ENSMUSG00000063663	0.2042	0.0833	0.2154	0.0945	batch
ENSMUSG00000047959	0.0372	0.0143	0.0350	0.0121	batch
ENSMUSG00000014782	0.0240	0.1372	0.0292	0.1424	group
ENSMUSG00000027297	0.0663	0.0628	0.0714	0.0679	batch
ENSMUSG00000033685	0.0033	0.0426	0.0024	0.0417	group
ENSMUSG00000028776	0.0047	0.0364	0.0059	0.0376	group
ENSMUSG00000001023	0.0546	0.1065	0.0592	0.1110	group
ENSMUSG00000059854	0.0091	0.1110	0.0095	0.1114	group
ENSMUSG00000026463	0.3173	0.0170	0.3108	0.0105	batch
ENSMUSG00000097375	0.2508	0.0862	0.2656	0.1010	batch
ENSMUSG00000034551	0.3379	0.0536	0.3524	0.0681	batch
ENSMUSG00000072568	0.0161	0.0602	0.0167	0.0607	group
ENSMUSG00000031328	0.0621	0.1944	0.0739	0.2061	group
ENSMUSG00000090386	0.3091	0.0332	0.3198	0.0439	batch
ENSMUSG00000002228	0.1057	0.1078	0.1091	0.1112	group
ENSMUSG00000015401	0.0259	0.0894	0.0258	0.0894	group
ENSMUSG00000022769	0.3871	0.1071	0.3689	0.0889	batch
ENSMUSG00000097248	0.0588	0.0589	0.0545	0.0546	group
ENSMUSG00000062438	0.1624	0.0989	0.1753	0.1117	batch
ENSMUSG00000021981	0.0000	0.0675	0.0000	0.0675	group
ENSMUSG00000114147	0.0351	0.0193	0.0326	0.0168	batch
ENSMUSG00000074415	0.2327	0.1295	0.2499	0.1466	batch
ENSMUSG00000016150	0.0176	0.0172	0.0169	0.0165	batch
ENSMUSG00000021187	0.0739	0.0740	0.0778	0.0779	group
ENSMUSG00000105345	0.0701	0.0931	0.0780	0.1010	group
ENSMUSG00000022801	0.0000	0.0800	0.0005	0.0804	group
ENSMUSG00000039218	0.2197	0.1275	0.2362	0.1440	batch
ENSMUSG00000022805	0.0112	0.1072	0.0122	0.1082	group
ENSMUSG00000035236	0.5698	0.0411	0.5842	0.0555	batch
ENSMUSG00000046321	0.0364	0.0024	0.0358	0.0018	batch
ENSMUSG00000030413	0.0430	0.1860	0.0422	0.1851	group
ENSMUSG00000110924	0.0926	0.0068	0.0954	0.0096	batch
ENSMUSG00000061524	0.0312	0.0092	0.0297	0.0078	batch
ENSMUSG00000068859	0.0011	0.0597	0.0008	0.0594	group
ENSMUSG00000064115	0.7201	0.0277	0.7364	0.0440	batch
ENSMUSG00000075225	0.0185	0.0798	0.0196	0.0809	group
ENSMUSG00000034361	0.1096	0.0513	0.1125	0.0542	batch
ENSMUSG00000053093	0.0008	0.0871	0.0017	0.0881	group
ENSMUSG00000098051	0.1271	0.1015	0.1372	0.1116	batch
ENSMUSG00000028307	0.0980	0.0917	0.1077	0.1015	batch
ENSMUSG00000031389	0.0237	0.2168	0.0294	0.2224	group
ENSMUSG00000087396	0.0441	0.0537	0.0483	0.0579	group
ENSMUSG00000005580	0.0220	0.0280	0.0201	0.0262	group
ENSMUSG00000035258	0.4094	0.0096	0.4090	0.0092	batch
ENSMUSG00000001435	0.0001	0.0787	0.0006	0.0791	group
ENSMUSG00000044317	0.0126	0.1562	0.0124	0.1560	group
ENSMUSG00000023232	0.0350	0.1197	0.0294	0.1141	group
ENSMUSG00000020186	0.0523	0.0585	0.0555	0.0616	group
ENSMUSG00000090031	0.2363	0.1017	0.2527	0.1182	batch
ENSMUSG00000109321	0.4287	0.0885	0.4463	0.1061	batch
ENSMUSG00000100147	0.0030	0.0507	0.0039	0.0516	group
ENSMUSG00000031842	0.0281	0.1075	0.0340	0.1134	group
ENSMUSG00000071550	0.0105	0.1156	0.0131	0.1182	group
ENSMUSG00000110317	0.1829	0.1174	0.1971	0.1315	batch
ENSMUSG00000096850	0.0005	0.0154	0.0003	0.0152	group
ENSMUSG00000074766	0.6916	0.0045	0.6898	0.0027	batch
ENSMUSG00000090785	0.0042	0.1532	0.0068	0.1559	group
ENSMUSG00000020044	0.0013	0.0035	0.0015	0.0037	group
ENSMUSG00000030660	0.0015	0.0214	0.0010	0.0209	group
ENSMUSG00000024869	0.1435	0.1051	0.1545	0.1161	batch
ENSMUSG00000119895	0.2741	0.2407	0.2493	0.2159	batch
ENSMUSG00000050063	0.1737	0.0512	0.1816	0.0591	batch
ENSMUSG00000029206	0.0543	0.1257	0.0632	0.1346	group
ENSMUSG00000000948	0.5513	0.0126	0.5556	0.0169	batch
ENSMUSG00000030409	0.0269	0.2064	0.0347	0.2142	group
ENSMUSG00000031274	0.0040	0.0681	0.0059	0.0700	group
ENSMUSG00000025019	0.0070	0.0657	0.0086	0.0673	group
ENSMUSG00000076490	0.0109	0.0051	0.0104	0.0046	batch
ENSMUSG00000065701	0.3913	0.2027	0.3638	0.1753	batch
ENSMUSG00000031095	0.0035	0.0319	0.0032	0.0316	group
ENSMUSG00000005611	0.0019	0.0701	0.0012	0.0694	group
ENSMUSG00000058740	0.1913	0.0467	0.1980	0.0534	batch
ENSMUSG00000027985	0.0052	0.0199	0.0048	0.0195	group
ENSMUSG00000085565	0.0461	0.0020	0.0463	0.0022	batch
ENSMUSG00000039714	0.0704	0.0378	0.0659	0.0333	batch
ENSMUSG00000036594	0.0001	0.0175	0.0003	0.0177	group
ENSMUSG00000044098	0.0137	0.0063	0.0146	0.0072	batch
ENSMUSG00000036907	0.0908	0.0006	0.0909	0.0008	batch
ENSMUSG00000004677	0.0642	0.1579	0.0742	0.1678	group
ENSMUSG00000001504	0.0344	0.0823	0.0402	0.0880	group
ENSMUSG00000042138	0.1189	0.1544	0.1319	0.1675	group
ENSMUSG00000001249	0.0000	0.1087	0.0005	0.1092	group
ENSMUSG00000032517	0.0283	0.0322	0.0315	0.0354	group
ENSMUSG00000070803	0.0028	0.0371	0.0020	0.0364	group
ENSMUSG00000040187	0.1036	0.1608	0.1169	0.1740	group
ENSMUSG00000028172	0.0004	0.0500	0.0002	0.0498	group
ENSMUSG00000024998	0.0414	0.0163	0.0408	0.0157	batch
ENSMUSG00000027360	0.1207	0.0332	0.1217	0.0343	batch
ENSMUSG00000029026	0.0179	0.1227	0.0166	0.1214	group
ENSMUSG00000025262	0.0242	0.0092	0.0230	0.0080	batch
ENSMUSG00000033542	0.0408	0.0468	0.0427	0.0487	group
ENSMUSG00000118458	0.2106	0.0151	0.2153	0.0197	batch
ENSMUSG00000047996	0.4875	0.0251	0.4957	0.0333	batch
ENSMUSG00000086095	0.2375	0.0771	0.2523	0.0919	batch
ENSMUSG00000057378	0.0066	0.1862	0.0107	0.1903	group
ENSMUSG00000044055	0.0000	0.0319	0.0000	0.0318	group
ENSMUSG00000015843	0.0034	0.0097	0.0028	0.0091	group
ENSMUSG00000047643	0.0331	0.0023	0.0331	0.0022	batch
ENSMUSG00000045991	0.0910	0.1160	0.1012	0.1261	group
ENSMUSG00000074934	0.0000	0.0161	0.0000	0.0161	group
ENSMUSG00000047793	0.1293	0.0528	0.1383	0.0618	batch
ENSMUSG00000038843	0.0342	0.0481	0.0385	0.0524	group
ENSMUSG00000066687	0.0062	0.0618	0.0081	0.0637	group
ENSMUSG00000118661	0.1385	0.0202	0.1419	0.0236	batch
ENSMUSG00000114469	0.5705	0.0477	0.5598	0.0369	batch
ENSMUSG00000105843	0.0028	0.0055	0.0027	0.0055	group
ENSMUSG00000092300	0.0122	0.0686	0.0151	0.0714	group
ENSMUSG00000110773	0.2218	0.0536	0.2328	0.0646	batch
ENSMUSG00000029528	0.0561	0.1451	0.0655	0.1545	group
ENSMUSG00000030677	0.0198	0.0492	0.0224	0.0518	group
ENSMUSG00000064372	0.1575	0.0035	0.1562	0.0022	batch
ENSMUSG00000021609	0.0095	0.0676	0.0122	0.0703	group
ENSMUSG00000046402	0.1018	0.0327	0.1046	0.0355	batch
ENSMUSG00000062563	0.4059	0.0580	0.3916	0.0437	batch
ENSMUSG00000025240	0.0837	0.0118	0.0809	0.0090	batch
ENSMUSG00000025321	0.2388	0.0354	0.2477	0.0443	batch
ENSMUSG00000050541	0.0165	0.0156	0.0154	0.0144	batch
ENSMUSG00000025938	0.2082	0.0343	0.2116	0.0377	batch
ENSMUSG00000042589	0.2663	0.0009	0.2668	0.0014	batch
ENSMUSG00000045655	0.0416	0.1194	0.0389	0.1167	group
ENSMUSG00000032890	0.0068	0.0022	0.0065	0.0019	batch
ENSMUSG00000103857	0.0837	0.1418	0.0925	0.1506	group
ENSMUSG00000041624	0.0201	0.0307	0.0204	0.0309	group
ENSMUSG00000020160	0.0760	0.0425	0.0775	0.0440	batch
ENSMUSG00000020173	0.2178	0.0016	0.2180	0.0018	batch
ENSMUSG00000013076	0.0013	0.0009	0.0012	0.0008	batch
ENSMUSG00000087403	0.8180	0.0059	0.8232	0.0111	batch
ENSMUSG00000028004	0.0937	0.0374	0.0879	0.0316	batch
ENSMUSG00000035486	0.0140	0.0285	0.0124	0.0268	group
ENSMUSG00000040840	0.1433	0.0320	0.1499	0.0385	batch
ENSMUSG00000079487	0.2189	0.0627	0.2317	0.0755	batch
ENSMUSG00000025326	0.7205	0.0486	0.7417	0.0698	batch
ENSMUSG00000001076	0.0688	0.0583	0.0757	0.0652	batch
ENSMUSG00000026941	0.0769	0.0958	0.0844	0.1034	group
ENSMUSG00000022708	0.0543	0.1564	0.0644	0.1664	group
ENSMUSG00000021278	0.0029	0.0528	0.0018	0.0517	group
ENSMUSG00000072844	0.0281	0.0018	0.0275	0.0012	batch
ENSMUSG00000037185	0.1129	0.0323	0.1181	0.0375	batch
ENSMUSG00000033063	0.1053	0.0060	0.1056	0.0063	batch
ENSMUSG00000099564	0.0131	0.0722	0.0137	0.0727	group
ENSMUSG00000030110	0.1258	0.0146	0.1295	0.0183	batch
ENSMUSG00000086446	0.0099	0.0323	0.0102	0.0326	group
ENSMUSG00000111027	0.0647	0.0021	0.0651	0.0026	batch
ENSMUSG00000096826	0.0133	0.0354	0.0144	0.0365	group
ENSMUSG00000042372	0.0213	0.0982	0.0212	0.0981	group
ENSMUSG00000110825	0.0896	0.0679	0.0913	0.0696	batch
ENSMUSG00000018486	0.0435	0.0225	0.0405	0.0195	batch
ENSMUSG00000056476	0.0006	0.0331	0.0002	0.0328	group
ENSMUSG00000102413	0.1824	0.0628	0.1940	0.0744	batch
ENSMUSG00000060716	0.0525	0.0243	0.0503	0.0221	batch
ENSMUSG00000066807	0.1186	0.0167	0.1176	0.0156	batch
ENSMUSG00000022468	0.0048	0.1084	0.0074	0.1110	group
ENSMUSG00000005087	0.2476	0.0285	0.2454	0.0263	batch
ENSMUSG00000030708	0.0096	0.1622	0.0092	0.1617	group
ENSMUSG00000033705	0.0475	0.1407	0.0554	0.1485	group
ENSMUSG00000029061	0.0029	0.1102	0.0014	0.1087	group
ENSMUSG00000036834	0.0604	0.0372	0.0615	0.0383	batch
ENSMUSG00000022096	0.0340	0.0026	0.0350	0.0036	batch
ENSMUSG00000021990	0.0608	0.0925	0.0535	0.0852	group
ENSMUSG00000069372	0.0078	0.0237	0.0065	0.0224	group
ENSMUSG00000054716	0.7162	0.0558	0.7159	0.0556	batch
ENSMUSG00000043088	0.0371	0.0709	0.0406	0.0745	group
ENSMUSG00000021879	0.0000	0.1109	0.0000	0.1109	group
ENSMUSG00000016239	0.0378	0.1970	0.0302	0.1894	group
ENSMUSG00000044033	0.0820	0.0177	0.0861	0.0217	batch
ENSMUSG00000043467	0.0729	0.0787	0.0808	0.0866	group
ENSMUSG00000026043	0.0278	0.1283	0.0339	0.1344	group
ENSMUSG00000096780	0.1464	0.2537	0.1667	0.2740	group
ENSMUSG00000104344	0.1038	0.1048	0.1151	0.1160	group
ENSMUSG00000034898	0.2235	0.0201	0.2173	0.0138	batch
ENSMUSG00000114584	0.0302	0.1817	0.0381	0.1895	group
ENSMUSG00000020527	0.0755	0.1513	0.0847	0.1605	group
ENSMUSG00000027330	0.0421	0.0935	0.0473	0.0987	group
ENSMUSG00000026205	0.0984	0.1806	0.0854	0.1676	group
ENSMUSG00000064363	0.6344	0.0185	0.6446	0.0287	batch
ENSMUSG00000041921	0.0607	0.1183	0.0681	0.1257	group
ENSMUSG00000028082	0.0035	0.0864	0.0044	0.0873	group
ENSMUSG00000020544	0.4502	0.0191	0.4533	0.0221	batch
ENSMUSG00000029075	0.0036	0.1035	0.0057	0.1057	group
ENSMUSG00000029283	0.0112	0.2774	0.0171	0.2834	group
ENSMUSG00000110086	0.0008	0.0652	0.0010	0.0654	group
ENSMUSG00000038418	0.0003	0.0090	0.0002	0.0089	group
ENSMUSG00000071341	0.1531	0.0408	0.1457	0.0335	batch
ENSMUSG00000028360	0.0898	0.0968	0.0807	0.0877	group
ENSMUSG00000031376	0.0132	0.0490	0.0123	0.0482	group
ENSMUSG00000040258	0.0393	0.1257	0.0333	0.1197	group
ENSMUSG00000042115	0.0531	0.0725	0.0474	0.0668	group
ENSMUSG00000071748	0.6501	0.0533	0.6711	0.0743	batch
ENSMUSG00000027981	0.0947	0.2122	0.1091	0.2266	group
ENSMUSG00000053441	0.0248	0.0807	0.0268	0.0827	group
ENSMUSG00000026065	0.0426	0.0576	0.0388	0.0538	group
ENSMUSG00000024045	0.1170	0.1681	0.1302	0.1813	group
ENSMUSG00000024647	0.0015	0.0243	0.0011	0.0239	group
ENSMUSG00000104453	0.0178	0.1426	0.0227	0.1476	group
ENSMUSG00000023886	0.2621	0.0567	0.2511	0.0456	batch
ENSMUSG00000031111	0.2183	0.0833	0.2308	0.0958	batch
ENSMUSG00000039813	0.0062	0.0865	0.0083	0.0885	group
ENSMUSG00000046318	0.0000	0.1302	0.0003	0.1305	group
ENSMUSG00000100600	0.0195	0.0657	0.0227	0.0690	group
ENSMUSG00000022211	0.0858	0.0924	0.0931	0.0997	group
ENSMUSG00000037236	0.9121	0.0063	0.9212	0.0154	batch
ENSMUSG00000020080	0.1665	0.0075	0.1683	0.0093	batch
ENSMUSG00000039543	0.0000	0.1646	0.0001	0.1647	group
ENSMUSG00000075270	0.0102	0.0080	0.0098	0.0076	batch
ENSMUSG00000053930	0.0452	0.1079	0.0384	0.1012	group
ENSMUSG00000028763	0.0264	0.0626	0.0308	0.0670	group
ENSMUSG00000070473	0.0001	0.0257	0.0001	0.0257	group
ENSMUSG00000067028	0.0002	0.0183	0.0001	0.0182	group
ENSMUSG00000022974	0.0685	0.2404	0.0811	0.2531	group
ENSMUSG00000030431	0.5867	0.0124	0.5953	0.0210	batch
ENSMUSG00000019892	0.0158	0.1101	0.0162	0.1105	group
ENSMUSG00000036815	0.1819	0.0157	0.1769	0.0108	batch
ENSMUSG00000035403	0.0000	0.0622	0.0000	0.0623	group
ENSMUSG00000107512	0.1291	0.0896	0.1370	0.0975	batch
ENSMUSG00000046794	0.0034	0.0677	0.0042	0.0685	group
ENSMUSG00000025270	0.0361	0.0008	0.0367	0.0014	batch
ENSMUSG00000048997	0.1314	0.0992	0.1418	0.1095	batch
ENSMUSG00000035551	0.0882	0.0012	0.0874	0.0004	batch
ENSMUSG00000073877	0.0169	0.0286	0.0176	0.0293	group
ENSMUSG00000114708	0.0534	0.1659	0.0623	0.1747	group
ENSMUSG00000090291	0.2435	0.0375	0.2345	0.0285	batch
ENSMUSG00000041216	0.0831	0.0071	0.0812	0.0052	batch
ENSMUSG00000019966	0.4146	0.0063	0.4210	0.0127	batch
ENSMUSG00000023046	0.0008	0.0105	0.0008	0.0104	group
ENSMUSG00000036931	0.0689	0.1237	0.0778	0.1326	group
ENSMUSG00000034584	0.0030	0.0144	0.0028	0.0141	group
ENSMUSG00000027217	0.1136	0.0573	0.1060	0.0496	batch
ENSMUSG00000020377	0.0085	0.0446	0.0089	0.0450	group
ENSMUSG00000050335	0.0435	0.0271	0.0431	0.0267	batch
ENSMUSG00000062906	0.0475	0.0607	0.0520	0.0652	group
ENSMUSG00000036598	0.0003	0.1839	0.0005	0.1842	group
ENSMUSG00000031210	0.0130	0.0182	0.0143	0.0196	group
ENSMUSG00000103898	0.0800	0.1103	0.0894	0.1197	group
ENSMUSG00000004098	0.1546	0.1383	0.1696	0.1533	batch
ENSMUSG00000063796	0.2247	0.0156	0.2314	0.0223	batch
ENSMUSG00000038331	0.2020	0.0031	0.2008	0.0019	batch
ENSMUSG00000087141	0.2314	0.0018	0.2329	0.0033	batch
ENSMUSG00000047502	0.0639	0.0487	0.0674	0.0522	batch
ENSMUSG00000090338	0.2225	0.0301	0.2307	0.0383	batch
ENSMUSG00000082762	0.6127	0.0344	0.6145	0.0363	batch
ENSMUSG00000055912	0.0978	0.0377	0.1037	0.0435	batch
ENSMUSG00000045613	0.0140	0.0486	0.0163	0.0509	group
ENSMUSG00000038884	0.1159	0.0755	0.1241	0.0837	batch
ENSMUSG00000032420	0.0995	0.0404	0.1062	0.0472	batch
ENSMUSG00000100891	0.0581	0.1501	0.0665	0.1585	group
ENSMUSG00000020061	0.0773	0.0375	0.0803	0.0405	batch
ENSMUSG00000034206	0.1713	0.1417	0.1846	0.1550	batch
ENSMUSG00000029068	0.0395	0.1725	0.0477	0.1806	group
ENSMUSG00000048592	0.6673	0.0514	0.6874	0.0714	batch
ENSMUSG00000045337	0.0105	0.0877	0.0110	0.0882	group
ENSMUSG00000002055	0.0299	0.0759	0.0337	0.0797	group
ENSMUSG00000097797	0.0332	0.1135	0.0372	0.1174	group
ENSMUSG00000024597	0.0010	0.0432	0.0017	0.0438	group
ENSMUSG00000112056	0.0000	0.0283	0.0000	0.0284	group
ENSMUSG00000076617	0.0200	0.0312	0.0188	0.0301	group
ENSMUSG00000105218	0.2651	0.0717	0.2773	0.0840	batch
ENSMUSG00000075254	0.0250	0.0771	0.0268	0.0788	group
ENSMUSG00000015619	0.1407	0.0573	0.1505	0.0670	batch
ENSMUSG00000001604	0.0034	0.0395	0.0036	0.0397	group
ENSMUSG00000029267	0.6669	0.0089	0.6757	0.0177	batch
ENSMUSG00000059824	0.3672	0.0765	0.3826	0.0919	batch
ENSMUSG00000000126	0.1401	0.1248	0.1276	0.1123	batch
ENSMUSG00000022893	0.0038	0.0494	0.0034	0.0489	group
ENSMUSG00000040860	0.0445	0.1227	0.0514	0.1297	group
ENSMUSG00000063239	0.0247	0.0471	0.0282	0.0505	group
ENSMUSG00000047773	0.0651	0.0063	0.0632	0.0044	batch
ENSMUSG00000040943	0.3544	0.1035	0.3747	0.1238	batch
ENSMUSG00000073421	0.0026	0.0667	0.0015	0.0656	group
ENSMUSG00000069911	0.0667	0.0473	0.0662	0.0468	batch
ENSMUSG00000118239	0.1605	0.0921	0.1722	0.1038	batch
ENSMUSG00000092805	0.3764	0.2202	0.3483	0.1921	batch
ENSMUSG00000040152	0.0003	0.0285	0.0005	0.0287	group
ENSMUSG00000067276	0.1244	0.0211	0.1282	0.0248	batch
ENSMUSG00000040459	0.2421	0.0977	0.2562	0.1117	batch
ENSMUSG00000037143	0.0083	0.1539	0.0080	0.1536	group
ENSMUSG00000037475	0.5313	0.0175	0.5422	0.0284	batch
ENSMUSG00000024164	0.0880	0.0313	0.0851	0.0284	batch
ENSMUSG00000101439	0.0312	0.0279	0.0290	0.0257	batch
ENSMUSG00000033327	0.0125	0.0879	0.0160	0.0914	group
ENSMUSG00000060735	0.1466	0.0376	0.1500	0.0410	batch
ENSMUSG00000108841	0.0194	0.1484	0.0185	0.1475	group
ENSMUSG00000026452	0.0002	0.0011	0.0002	0.0011	group
ENSMUSG00000038685	0.0700	0.1267	0.0795	0.1362	group
ENSMUSG00000073434	0.0850	0.1432	0.0963	0.1546	group
ENSMUSG00000050505	0.0406	0.0103	0.0386	0.0084	batch
ENSMUSG00000053137	0.0317	0.0533	0.0359	0.0576	group
ENSMUSG00000021219	0.1409	0.0089	0.1385	0.0066	batch
ENSMUSG00000068428	0.0848	0.0378	0.0899	0.0428	batch
ENSMUSG00000019230	0.1078	0.0479	0.1008	0.0409	batch
ENSMUSG00000023034	0.0274	0.0039	0.0285	0.0050	batch
ENSMUSG00000099478	0.2340	0.0399	0.2434	0.0494	batch
ENSMUSG00000021702	0.4616	0.0162	0.4642	0.0188	batch
ENSMUSG00000029306	0.0180	0.0372	0.0174	0.0365	group
ENSMUSG00000081137	0.1341	0.0742	0.1440	0.0840	batch
ENSMUSG00000095304	0.0696	0.0466	0.0755	0.0525	batch
ENSMUSG00000110249	0.8019	0.0074	0.8078	0.0133	batch
ENSMUSG00000031734	0.1495	0.0026	0.1518	0.0048	batch
ENSMUSG00000019158	0.7557	0.0161	0.7632	0.0236	batch
ENSMUSG00000104459	0.1699	0.1131	0.1836	0.1268	batch
ENSMUSG00000028601	0.0001	0.0658	0.0000	0.0657	group
ENSMUSG00000018339	0.0036	0.0748	0.0054	0.0767	group
ENSMUSG00000020154	0.0422	0.0807	0.0431	0.0816	group
ENSMUSG00000019997	0.0083	0.0903	0.0063	0.0883	group
ENSMUSG00000019767	0.0074	0.1066	0.0076	0.1068	group
ENSMUSG00000043635	0.0004	0.0322	0.0005	0.0323	group
ENSMUSG00000035274	0.0193	0.0804	0.0159	0.0770	group
ENSMUSG00000044916	0.0049	0.1661	0.0080	0.1692	group
ENSMUSG00000043243	0.0069	0.1002	0.0096	0.1029	group
ENSMUSG00000033624	0.0030	0.0281	0.0037	0.0287	group
ENSMUSG00000018727	0.0486	0.1274	0.0563	0.1351	group
ENSMUSG00000020300	0.2248	0.0237	0.2329	0.0318	batch
ENSMUSG00000032289	0.1048	0.1264	0.0936	0.1152	group
ENSMUSG00000079575	0.0050	0.0036	0.0054	0.0040	batch
ENSMUSG00000031290	0.6621	0.0101	0.6723	0.0203	batch
ENSMUSG00000046500	0.0398	0.0862	0.0460	0.0924	group
ENSMUSG00000021493	0.0558	0.0674	0.0599	0.0715	group
ENSMUSG00000027401	0.1158	0.0273	0.1106	0.0221	batch
ENSMUSG00000012296	0.0180	0.1415	0.0232	0.1467	group
ENSMUSG00000001741	0.0944	0.0902	0.0856	0.0814	batch
ENSMUSG00000027210	0.1291	0.0204	0.1316	0.0229	batch
ENSMUSG00000091712	0.0000	0.1423	0.0004	0.1427	group
ENSMUSG00000046718	0.0346	0.0198	0.0331	0.0182	batch
ENSMUSG00000035133	0.2742	0.0504	0.2859	0.0621	batch
ENSMUSG00000083889	0.0525	0.1889	0.0628	0.1993	group
ENSMUSG00000042408	0.0509	0.1551	0.0604	0.1646	group
ENSMUSG00000009281	0.2144	0.1899	0.2260	0.2015	batch
ENSMUSG00000049811	0.0003	0.1223	0.0004	0.1223	group
ENSMUSG00000031822	0.0065	0.0561	0.0047	0.0543	group
ENSMUSG00000090273	0.1091	0.1146	0.1207	0.1262	group
ENSMUSG00000039676	0.1030	0.1339	0.1072	0.1381	group
ENSMUSG00000030237	0.0886	0.0002	0.0888	0.0005	batch
ENSMUSG00000032198	0.0288	0.0868	0.0339	0.0919	group
ENSMUSG00000025735	0.5079	0.0937	0.4997	0.0855	batch
ENSMUSG00000069516	0.0667	0.0754	0.0630	0.0716	group
ENSMUSG00000035578	0.0394	0.0417	0.0380	0.0403	group
ENSMUSG00000117901	0.0887	0.0324	0.0867	0.0304	batch
ENSMUSG00000084989	0.0132	0.1891	0.0142	0.1901	group
ENSMUSG00000036036	0.1152	0.0342	0.1204	0.0394	batch
ENSMUSG00000036867	0.0837	0.0632	0.0766	0.0561	batch
ENSMUSG00000045314	0.0361	0.0033	0.0373	0.0045	batch
ENSMUSG00000044244	0.0445	0.0279	0.0410	0.0244	batch
ENSMUSG00000037112	0.0035	0.0578	0.0022	0.0565	group
ENSMUSG00000036699	0.0006	0.0531	0.0013	0.0538	group
ENSMUSG00000037683	0.0373	0.1127	0.0402	0.1157	group
ENSMUSG00000104586	0.0040	0.0121	0.0044	0.0125	group
ENSMUSG00000026322	0.0657	0.0067	0.0641	0.0051	batch
ENSMUSG00000038538	0.1934	0.2036	0.2133	0.2234	group
ENSMUSG00000045761	0.0081	0.0547	0.0085	0.0551	group
ENSMUSG00000022231	0.0001	0.0319	0.0003	0.0321	group
ENSMUSG00000063564	0.1813	0.0437	0.1837	0.0461	batch
ENSMUSG00000055763	0.0728	0.0284	0.0684	0.0240	batch
ENSMUSG00000064341	0.4476	0.0452	0.4623	0.0599	batch
ENSMUSG00000027800	0.0787	0.0991	0.0834	0.1038	group
ENSMUSG00000078502	0.0065	0.0928	0.0087	0.0951	group
ENSMUSG00000081058	0.6484	0.0285	0.6374	0.0175	batch
ENSMUSG00000055761	0.0439	0.0192	0.0411	0.0164	batch
ENSMUSG00000032334	0.0606	0.0964	0.0559	0.0917	group
ENSMUSG00000050511	0.0122	0.0773	0.0149	0.0799	group
ENSMUSG00000025437	0.0385	0.0193	0.0372	0.0181	batch
ENSMUSG00000116557	0.0290	0.0945	0.0345	0.1000	group
ENSMUSG00000007877	0.0003	0.0437	0.0003	0.0438	group
ENSMUSG00000053279	0.2290	0.0154	0.2336	0.0200	batch
ENSMUSG00000031380	0.0082	0.0010	0.0085	0.0013	batch
ENSMUSG00000038463	0.0858	0.0533	0.0794	0.0469	batch
ENSMUSG00000019762	0.0134	0.0239	0.0117	0.0222	group
ENSMUSG00000079845	0.0513	0.0276	0.0498	0.0261	batch
ENSMUSG00000025050	0.0612	0.0994	0.0692	0.1074	group
ENSMUSG00000043439	0.1389	0.0317	0.1375	0.0303	batch
ENSMUSG00000021733	0.1583	0.1058	0.1723	0.1198	batch
ENSMUSG00000038174	0.1894	0.0348	0.1981	0.0435	batch
ENSMUSG00000017756	0.0272	0.0884	0.0265	0.0876	group
ENSMUSG00000027971	0.0764	0.0107	0.0741	0.0084	batch
ENSMUSG00000030800	0.0722	0.0261	0.0690	0.0228	batch
ENSMUSG00000081684	0.5228	0.0402	0.5266	0.0439	batch
ENSMUSG00000084350	0.3779	0.0870	0.3894	0.0985	batch
ENSMUSG00000020782	0.0355	0.0659	0.0362	0.0666	group
ENSMUSG00000049928	0.0062	0.0935	0.0084	0.0956	group
ENSMUSG00000019787	0.1238	0.0936	0.1258	0.0957	batch
ENSMUSG00000042680	0.0113	0.0252	0.0097	0.0236	group
ENSMUSG00000025400	0.1012	0.0784	0.0925	0.0697	batch
ENSMUSG00000059852	0.5048	0.0019	0.5092	0.0063	batch
ENSMUSG00000039735	0.4211	0.0553	0.4364	0.0706	batch
ENSMUSG00000042096	0.0695	0.0153	0.0674	0.0132	batch
ENSMUSG00000116641	0.0409	0.0967	0.0453	0.1011	group
ENSMUSG00000073647	0.0009	0.0310	0.0011	0.0313	group
ENSMUSG00000003545	0.0206	0.0552	0.0243	0.0588	group
ENSMUSG00000034706	0.0042	0.1155	0.0049	0.1161	group
ENSMUSG00000044906	0.3136	0.0881	0.3313	0.1058	batch
ENSMUSG00000024066	0.1122	0.1104	0.1162	0.1144	batch
ENSMUSG00000081700	0.1699	0.0136	0.1695	0.0132	batch
ENSMUSG00000034402	0.0261	0.0004	0.0258	0.0001	batch
ENSMUSG00000055485	0.0004	0.0401	0.0008	0.0404	group
ENSMUSG00000048001	0.0283	0.2517	0.0291	0.2524	group
ENSMUSG00000034731	0.1553	0.0624	0.1652	0.0723	batch
ENSMUSG00000031283	0.1592	0.0719	0.1576	0.0704	batch
ENSMUSG00000041309	0.3775	0.0136	0.3838	0.0198	batch
ENSMUSG00000058897	0.0114	0.0160	0.0101	0.0147	group
ENSMUSG00000115692	0.1275	0.1309	0.1407	0.1441	group
ENSMUSG00000034156	0.1050	0.1218	0.1164	0.1333	group
ENSMUSG00000103761	0.0297	0.0745	0.0339	0.0786	group
ENSMUSG00000027070	0.1125	0.1344	0.1005	0.1224	group
ENSMUSG00000054409	0.0029	0.0198	0.0022	0.0192	group
ENSMUSG00000070601	0.0622	0.0860	0.0665	0.0903	group
ENSMUSG00000044499	0.0286	0.1231	0.0241	0.1186	group
ENSMUSG00000110529	0.1288	0.0671	0.1378	0.0761	batch
ENSMUSG00000049676	0.0814	0.0795	0.0878	0.0860	batch
ENSMUSG00000032625	0.0358	0.0094	0.0378	0.0115	batch
ENSMUSG00000000303	0.0509	0.0419	0.0548	0.0458	batch
ENSMUSG00000074259	0.2563	0.0065	0.2544	0.0046	batch
ENSMUSG00000031216	0.2397	0.0482	0.2510	0.0595	batch
ENSMUSG00000059742	0.5125	0.0214	0.5247	0.0336	batch
ENSMUSG00000032238	0.1471	0.0035	0.1498	0.0062	batch
ENSMUSG00000023484	0.0003	0.0774	0.0009	0.0780	group
ENSMUSG00000097885	0.0576	0.1348	0.0656	0.1428	group
ENSMUSG00000054958	0.0000	0.0365	0.0001	0.0365	group
ENSMUSG00000087445	0.0606	0.0358	0.0647	0.0398	batch
ENSMUSG00000063704	0.0001	0.0431	0.0003	0.0433	group
ENSMUSG00000022309	0.1976	0.1185	0.2102	0.1311	batch
ENSMUSG00000025946	0.0455	0.1036	0.0389	0.0970	group
ENSMUSG00000013523	0.0410	0.0173	0.0439	0.0202	batch
ENSMUSG00000046854	0.0629	0.0827	0.0675	0.0873	group
ENSMUSG00000074220	0.1201	0.0440	0.1143	0.0383	batch
ENSMUSG00000097750	0.2809	0.1321	0.2622	0.1134	batch
ENSMUSG00000048617	0.1339	0.1909	0.1491	0.2061	group
ENSMUSG00000079484	0.0737	0.0532	0.0789	0.0584	batch
ENSMUSG00000034218	0.0202	0.0391	0.0186	0.0375	group
ENSMUSG00000060586	0.0163	0.0071	0.0156	0.0064	batch
ENSMUSG00000049230	0.1802	0.0280	0.1734	0.0213	batch
ENSMUSG00000031557	0.0005	0.0215	0.0008	0.0217	group
ENSMUSG00000021903	0.0134	0.1108	0.0148	0.1122	group
ENSMUSG00000035860	0.0002	0.0978	0.0005	0.0980	group
ENSMUSG00000067768	0.1049	0.0292	0.1086	0.0329	batch
ENSMUSG00000026697	0.0543	0.0104	0.0565	0.0126	batch
ENSMUSG00000048677	0.0119	0.1615	0.0168	0.1663	group
ENSMUSG00000056972	0.0012	0.0147	0.0017	0.0151	group
ENSMUSG00000026604	0.0617	0.0611	0.0678	0.0672	batch
ENSMUSG00000021108	0.0418	0.0676	0.0414	0.0671	group
ENSMUSG00000055809	0.0003	0.0695	0.0004	0.0696	group
ENSMUSG00000089670	0.1678	0.0635	0.1755	0.0712	batch
ENSMUSG00000084898	0.1996	0.0262	0.1955	0.0222	batch
ENSMUSG00000031698	0.0242	0.0018	0.0239	0.0015	batch
ENSMUSG00000021754	0.0339	0.2442	0.0422	0.2526	group
ENSMUSG00000020604	0.0199	0.0877	0.0209	0.0888	group
ENSMUSG00000081232	0.0476	0.0080	0.0459	0.0064	batch
ENSMUSG00000052563	0.0202	0.0146	0.0220	0.0164	batch
ENSMUSG00000052221	0.0535	0.0576	0.0559	0.0600	group
ENSMUSG00000044017	0.0954	0.0014	0.0946	0.0005	batch
ENSMUSG00000111990	0.2491	0.0521	0.2601	0.0631	batch
ENSMUSG00000113425	0.1065	0.0580	0.1095	0.0611	batch
ENSMUSG00000026864	0.4947	0.0676	0.4774	0.0502	batch
ENSMUSG00000025138	0.0570	0.0849	0.0628	0.0907	group
ENSMUSG00000024659	0.0820	0.0049	0.0801	0.0031	batch
ENSMUSG00000091387	0.0146	0.0210	0.0148	0.0212	group
ENSMUSG00000029868	0.0833	0.0161	0.0867	0.0194	batch
ENSMUSG00000034684	0.0292	0.0209	0.0274	0.0191	batch
ENSMUSG00000034205	0.0001	0.0258	0.0001	0.0258	group
ENSMUSG00000021638	0.0391	0.0558	0.0358	0.0525	group
ENSMUSG00000034936	0.0026	0.0769	0.0015	0.0758	group
ENSMUSG00000028339	0.1315	0.1099	0.1445	0.1229	batch
ENSMUSG00000032744	0.0695	0.0563	0.0641	0.0509	batch
ENSMUSG00000102555	0.2230	0.1425	0.2420	0.1615	batch
ENSMUSG00000020863	0.2853	0.1165	0.3029	0.1341	batch
ENSMUSG00000021676	0.0686	0.0640	0.0621	0.0575	batch
ENSMUSG00000107182	0.1529	0.0385	0.1613	0.0470	batch
ENSMUSG00000030560	0.0024	0.0569	0.0017	0.0562	group
ENSMUSG00000115360	0.0770	0.0411	0.0808	0.0449	batch
ENSMUSG00000020014	0.0117	0.1056	0.0113	0.1053	group
ENSMUSG00000104002	0.1256	0.0087	0.1293	0.0124	batch
ENSMUSG00000042761	0.0003	0.0812	0.0009	0.0818	group
ENSMUSG00000029381	0.0606	0.1181	0.0575	0.1150	group
ENSMUSG00000087672	0.1772	0.0540	0.1878	0.0646	batch
ENSMUSG00000030549	0.0603	0.0790	0.0610	0.0798	group
ENSMUSG00000089756	0.0136	0.1061	0.0178	0.1103	group
ENSMUSG00000102602	0.1263	0.0938	0.1379	0.1054	batch
ENSMUSG00000095545	0.0294	0.0712	0.0251	0.0669	group
ENSMUSG00000020432	0.0019	0.0344	0.0019	0.0344	group
ENSMUSG00000087034	0.0070	0.0344	0.0065	0.0339	group
ENSMUSG00000055436	0.4551	0.0745	0.4744	0.0937	batch
ENSMUSG00000020282	0.0077	0.1028	0.0099	0.1050	group
ENSMUSG00000044393	0.0109	0.0843	0.0140	0.0874	group
ENSMUSG00000025255	0.0738	0.0380	0.0796	0.0437	batch
ENSMUSG00000050121	0.0372	0.0863	0.0398	0.0889	group
ENSMUSG00000110016	0.0168	0.0558	0.0200	0.0590	group
ENSMUSG00000107840	0.2450	0.0091	0.2487	0.0129	batch
ENSMUSG00000078185	0.4326	0.0398	0.4342	0.0414	batch
ENSMUSG00000044254	0.1361	0.0702	0.1270	0.0611	batch
ENSMUSG00000097042	0.1529	0.1085	0.1661	0.1217	batch
ENSMUSG00000029720	0.0006	0.0842	0.0015	0.0851	group
ENSMUSG00000039103	0.0006	0.0017	0.0007	0.0017	group
ENSMUSG00000033880	0.0058	0.1366	0.0054	0.1363	group
ENSMUSG00000072919	0.0071	0.1746	0.0046	0.1720	group
ENSMUSG00000048794	0.0000	0.0545	0.0001	0.0546	group
ENSMUSG00000024256	0.0334	0.1200	0.0274	0.1139	group
ENSMUSG00000050243	0.1132	0.0985	0.1035	0.0887	batch
ENSMUSG00000107877	0.1212	0.0547	0.1297	0.0632	batch
ENSMUSG00000022948	0.0211	0.0673	0.0251	0.0713	group
ENSMUSG00000025323	0.2624	0.0272	0.2718	0.0366	batch
ENSMUSG00000062729	0.0453	0.0614	0.0502	0.0663	group
ENSMUSG00000064367	0.4143	0.0149	0.4199	0.0205	batch
ENSMUSG00000032006	0.0069	0.0057	0.0063	0.0051	batch
ENSMUSG00000113309	0.0343	0.0533	0.0389	0.0578	group
ENSMUSG00000093384	0.1849	0.0545	0.1754	0.0449	batch
ENSMUSG00000032298	0.0480	0.0742	0.0541	0.0802	group
ENSMUSG00000072663	0.0334	0.0763	0.0297	0.0726	group
ENSMUSG00000055980	0.0010	0.0191	0.0015	0.0196	group
ENSMUSG00000044770	0.1244	0.0016	0.1238	0.0010	batch
ENSMUSG00000066090	0.0034	0.0633	0.0048	0.0647	group
ENSMUSG00000045672	0.0708	0.2991	0.0853	0.3136	group
ENSMUSG00000031246	0.5940	0.0310	0.6035	0.0405	batch
ENSMUSG00000086924	0.1973	0.0422	0.2072	0.0521	batch
ENSMUSG00000046186	0.0134	0.0730	0.0110	0.0706	group
ENSMUSG00000090873	0.0218	0.1962	0.0273	0.2016	group
ENSMUSG00000048905	0.0302	0.0505	0.0270	0.0474	group
ENSMUSG00000097286	0.0866	0.0387	0.0860	0.0381	batch
ENSMUSG00000027907	0.0410	0.0181	0.0416	0.0187	batch
ENSMUSG00000075224	0.2375	0.0286	0.2423	0.0334	batch
ENSMUSG00000032295	0.0579	0.0770	0.0632	0.0823	group
ENSMUSG00000061878	0.1126	0.0234	0.1163	0.0271	batch
ENSMUSG00000109575	0.3289	0.0339	0.3355	0.0405	batch
ENSMUSG00000035164	0.0023	0.0446	0.0033	0.0456	group
ENSMUSG00000054901	0.0006	0.0017	0.0006	0.0017	group
ENSMUSG00000045534	0.0917	0.0246	0.0871	0.0200	batch
ENSMUSG00000050201	0.1785	0.1206	0.1846	0.1266	batch
ENSMUSG00000079177	0.1170	0.0511	0.1253	0.0594	batch
ENSMUSG00000026199	0.0417	0.1224	0.0487	0.1294	group
ENSMUSG00000050822	0.0071	0.0708	0.0062	0.0699	group
ENSMUSG00000044468	0.0020	0.0274	0.0013	0.0267	group
ENSMUSG00000024175	0.0525	0.0384	0.0538	0.0398	batch
ENSMUSG00000040562	0.0029	0.0398	0.0035	0.0403	group
ENSMUSG00000035840	0.1948	0.0148	0.1928	0.0128	batch
ENSMUSG00000057729	0.0492	0.0860	0.0492	0.0859	group
ENSMUSG00000049791	0.0001	0.0201	0.0002	0.0201	group
ENSMUSG00000107996	0.1333	0.0513	0.1402	0.0582	batch
ENSMUSG00000035168	0.0630	0.0508	0.0577	0.0455	batch
ENSMUSG00000054659	0.2252	0.0203	0.2263	0.0214	batch
ENSMUSG00000062488	0.2189	0.0185	0.2166	0.0162	batch
ENSMUSG00000025739	0.3350	0.0360	0.3388	0.0399	batch
ENSMUSG00000092200	0.0004	0.0538	0.0002	0.0536	group
ENSMUSG00000038665	0.0000	0.0440	0.0002	0.0442	group
ENSMUSG00000025401	0.0081	0.0714	0.0106	0.0739	group
ENSMUSG00000056724	0.0916	0.2143	0.1063	0.2290	group
ENSMUSG00000054135	0.0631	0.0797	0.0706	0.0872	group
ENSMUSG00000028600	0.2388	0.0166	0.2459	0.0237	batch
ENSMUSG00000029524	0.0106	0.0714	0.0128	0.0735	group
ENSMUSG00000037206	0.0085	0.0159	0.0075	0.0149	group
ENSMUSG00000097683	0.0475	0.1026	0.0424	0.0975	group
ENSMUSG00000027335	0.4599	0.0264	0.4505	0.0170	batch
ENSMUSG00000039239	0.0303	0.0927	0.0253	0.0877	group
ENSMUSG00000085767	0.0272	0.1272	0.0335	0.1335	group
ENSMUSG00000031871	0.0533	0.1225	0.0533	0.1225	group
ENSMUSG00000114278	0.0021	0.1247	0.0030	0.1256	group
ENSMUSG00000037266	0.0385	0.1056	0.0437	0.1109	group
ENSMUSG00000097392	0.5339	0.1135	0.5608	0.1404	batch
ENSMUSG00000022436	0.0154	0.0566	0.0181	0.0593	group
ENSMUSG00000064294	0.0022	0.0095	0.0018	0.0091	group
ENSMUSG00000055540	0.0326	0.0712	0.0283	0.0669	group
ENSMUSG00000049107	0.0261	0.0564	0.0297	0.0600	group
ENSMUSG00000003746	0.0620	0.0196	0.0611	0.0187	batch
ENSMUSG00000022766	0.0235	0.0060	0.0239	0.0063	batch
ENSMUSG00000033799	0.0096	0.0498	0.0120	0.0522	group
ENSMUSG00000048960	0.0086	0.0183	0.0074	0.0171	group
ENSMUSG00000111594	0.0258	0.2335	0.0345	0.2422	group
ENSMUSG00000073879	0.1640	0.0112	0.1675	0.0147	batch
ENSMUSG00000021567	0.3436	0.0534	0.3315	0.0413	batch
ENSMUSG00000106067	0.1115	0.0271	0.1133	0.0290	batch
ENSMUSG00000030757	0.2599	0.0400	0.2701	0.0502	batch
ENSMUSG00000029648	0.0247	0.1486	0.0282	0.1521	group
ENSMUSG00000050473	0.0495	0.0517	0.0506	0.0529	group
ENSMUSG00000118425	0.1974	0.0181	0.1987	0.0195	batch
ENSMUSG00000007617	0.0518	0.1718	0.0619	0.1819	group
ENSMUSG00000073888	0.0155	0.0296	0.0167	0.0307	group
ENSMUSG00000057719	0.0241	0.0316	0.0257	0.0333	group
ENSMUSG00000107726	0.0915	0.1624	0.1043	0.1753	group
ENSMUSG00000042599	0.0024	0.1666	0.0048	0.1691	group
ENSMUSG00000075602	0.0087	0.0385	0.0095	0.0393	group
ENSMUSG00000010086	0.0000	0.1153	0.0003	0.1156	group
ENSMUSG00000081787	0.0556	0.0164	0.0541	0.0150	batch
ENSMUSG00000040016	0.1447	0.0196	0.1397	0.0146	batch
ENSMUSG00000067916	0.3712	0.0640	0.3801	0.0729	batch
ENSMUSG00000118219	0.0518	0.0059	0.0526	0.0067	batch
ENSMUSG00000054162	0.3999	0.0203	0.3941	0.0145	batch
ENSMUSG00000032057	0.0067	0.0762	0.0069	0.0764	group
ENSMUSG00000003573	0.1814	0.0367	0.1751	0.0305	batch
ENSMUSG00000070392	0.2943	0.0532	0.2833	0.0422	batch
ENSMUSG00000024112	0.0505	0.0385	0.0547	0.0427	batch
ENSMUSG00000042644	0.0393	0.0975	0.0443	0.1026	group
ENSMUSG00000042625	0.0317	0.1180	0.0374	0.1237	group
ENSMUSG00000025316	0.0125	0.1519	0.0085	0.1479	group
ENSMUSG00000112433	0.0216	0.0834	0.0244	0.0862	group
ENSMUSG00000097331	0.1229	0.0850	0.1327	0.0948	batch
ENSMUSG00000060969	0.0310	0.1009	0.0370	0.1069	group
ENSMUSG00000040569	0.0989	0.0063	0.0995	0.0069	batch
ENSMUSG00000074796	0.0011	0.0272	0.0014	0.0274	group
ENSMUSG00000037727	0.0020	0.0889	0.0034	0.0904	group
ENSMUSG00000066571	0.0018	0.0391	0.0011	0.0384	group
ENSMUSG00000026384	0.4261	0.0499	0.4421	0.0659	batch
ENSMUSG00000021908	0.1710	0.0075	0.1697	0.0063	batch
ENSMUSG00000107585	0.0024	0.0491	0.0014	0.0482	group
ENSMUSG00000117183	0.0836	0.1312	0.0947	0.1424	group
ENSMUSG00000048445	0.1240	0.0087	0.1277	0.0124	batch
ENSMUSG00000075324	0.1558	0.0291	0.1506	0.0239	batch
ENSMUSG00000022297	0.0084	0.0119	0.0075	0.0109	group
ENSMUSG00000027829	0.2754	0.0863	0.2893	0.1002	batch
ENSMUSG00000000305	0.1032	0.0190	0.0989	0.0147	batch
ENSMUSG00000036446	0.0005	0.0186	0.0003	0.0184	group
ENSMUSG00000047909	0.1557	0.1018	0.1686	0.1146	batch
ENSMUSG00000018537	0.2365	0.0285	0.2411	0.0331	batch
ENSMUSG00000031561	0.0227	0.0026	0.0220	0.0019	batch
ENSMUSG00000022610	0.0398	0.0185	0.0415	0.0202	batch
ENSMUSG00000054457	0.0337	0.0699	0.0290	0.0652	group
ENSMUSG00000021699	0.0169	0.0135	0.0174	0.0140	batch
ENSMUSG00000024843	0.0006	0.1781	0.0000	0.1775	group
ENSMUSG00000001998	0.0436	0.1200	0.0514	0.1278	group
ENSMUSG00000046516	0.1948	0.0885	0.2088	0.1024	batch
ENSMUSG00000060862	0.0529	0.2746	0.0421	0.2638	group
ENSMUSG00000062393	0.0124	0.1904	0.0179	0.1959	group
ENSMUSG00000059901	0.0665	0.0701	0.0611	0.0647	group
ENSMUSG00000060962	0.0257	0.1067	0.0266	0.1076	group
ENSMUSG00000070858	0.3590	0.1143	0.3732	0.1285	batch
ENSMUSG00000037362	0.0445	0.0729	0.0398	0.0682	group
ENSMUSG00000027004	0.1261	0.0356	0.1198	0.0292	batch
ENSMUSG00000083892	0.4397	0.0667	0.4285	0.0555	batch
ENSMUSG00000037166	0.2540	0.0045	0.2578	0.0082	batch
ENSMUSG00000023391	0.1249	0.1118	0.1252	0.1120	batch
ENSMUSG00000001082	0.0578	0.0829	0.0639	0.0890	group
ENSMUSG00000104318	0.0641	0.0083	0.0621	0.0063	batch
ENSMUSG00000083736	0.0661	0.0023	0.0658	0.0020	batch
ENSMUSG00000021496	0.7821	0.0058	0.7896	0.0132	batch
ENSMUSG00000057265	0.0304	0.0803	0.0355	0.0854	group
ENSMUSG00000022483	0.0073	0.1111	0.0102	0.1141	group
ENSMUSG00000056947	0.0041	0.0047	0.0037	0.0044	group
ENSMUSG00000034755	0.2033	0.0131	0.2036	0.0134	batch
ENSMUSG00000020848	0.0967	0.0115	0.0937	0.0085	batch
ENSMUSG00000048442	0.0142	0.1614	0.0127	0.1599	group
ENSMUSG00000053007	0.1349	0.0238	0.1358	0.0247	batch
ENSMUSG00000041695	0.1115	0.0561	0.1201	0.0647	batch
ENSMUSG00000025531	0.1351	0.0395	0.1409	0.0453	batch
ENSMUSG00000035539	0.0015	0.0675	0.0012	0.0672	group
ENSMUSG00000062866	0.0054	0.0467	0.0063	0.0476	group
ENSMUSG00000022617	0.1337	0.1111	0.1438	0.1212	batch
ENSMUSG00000021431	0.0770	0.1582	0.0869	0.1681	group
ENSMUSG00000071112	0.0016	0.0368	0.0024	0.0376	group
ENSMUSG00000021478	0.1894	0.0615	0.1799	0.0521	batch
ENSMUSG00000100862	0.3792	0.0273	0.3908	0.0389	batch
ENSMUSG00000021448	0.0022	0.0225	0.0016	0.0218	group
ENSMUSG00000025243	0.0248	0.0200	0.0272	0.0225	batch
ENSMUSG00000044595	0.0090	0.1087	0.0063	0.1059	group
ENSMUSG00000036916	0.3096	0.1369	0.3320	0.1594	batch
ENSMUSG00000107000	0.1165	0.0830	0.1271	0.0936	batch
ENSMUSG00000061665	0.4180	0.0693	0.4368	0.0882	batch
ENSMUSG00000108100	0.0431	0.0656	0.0409	0.0634	group
ENSMUSG00000081944	0.0741	0.0814	0.0825	0.0897	group
ENSMUSG00000024670	0.0425	0.0030	0.0416	0.0021	batch
ENSMUSG00000024043	0.0060	0.0864	0.0058	0.0863	group
ENSMUSG00000027637	0.8667	0.0083	0.8698	0.0114	batch
ENSMUSG00000064080	0.0153	0.1086	0.0195	0.1128	group
ENSMUSG00000064349	0.0614	0.1027	0.0699	0.1113	group
ENSMUSG00000041075	0.0098	0.0743	0.0086	0.0731	group
ENSMUSG00000032637	0.2004	0.1519	0.2178	0.1693	batch
ENSMUSG00000038781	0.0103	0.1476	0.0113	0.1486	group
ENSMUSG00000055214	0.0008	0.0687	0.0003	0.0682	group
ENSMUSG00000031167	0.4319	0.0133	0.4254	0.0067	batch
ENSMUSG00000049112	0.0178	0.0354	0.0163	0.0339	group
ENSMUSG00000038860	0.0884	0.0157	0.0857	0.0130	batch
ENSMUSG00000034071	0.1111	0.0454	0.1068	0.0411	batch
ENSMUSG00000082953	0.0383	0.0187	0.0380	0.0184	batch
ENSMUSG00000007207	0.0727	0.0139	0.0705	0.0117	batch
ENSMUSG00000026167	0.0132	0.0093	0.0139	0.0099	batch
ENSMUSG00000028174	0.0025	0.0088	0.0025	0.0088	group
ENSMUSG00000028572	0.2474	0.1162	0.2656	0.1344	batch
ENSMUSG00000021255	0.0094	0.0608	0.0100	0.0614	group
ENSMUSG00000003849	0.0179	0.0648	0.0170	0.0639	group
ENSMUSG00000037280	0.0871	0.0063	0.0876	0.0068	batch
ENSMUSG00000041679	0.2130	0.0034	0.2163	0.0067	batch
ENSMUSG00000078486	0.0274	0.1267	0.0331	0.1323	group
ENSMUSG00000043301	0.0047	0.0288	0.0036	0.0277	group
ENSMUSG00000025723	0.0002	0.2244	0.0011	0.2253	group
ENSMUSG00000023224	0.0000	0.0333	0.0002	0.0335	group
ENSMUSG00000079297	0.1227	0.0171	0.1249	0.0193	batch
ENSMUSG00000020674	0.0157	0.1787	0.0217	0.1846	group
ENSMUSG00000028289	0.0312	0.0020	0.0315	0.0023	batch
ENSMUSG00000037370	0.0217	0.0461	0.0245	0.0490	group
ENSMUSG00000020358	0.7444	0.0012	0.7460	0.0028	batch
ENSMUSG00000044320	0.0041	0.0186	0.0044	0.0189	group
ENSMUSG00000036264	0.3257	0.0303	0.3220	0.0266	batch
ENSMUSG00000020182	0.1679	0.1569	0.1849	0.1740	batch
ENSMUSG00000108943	0.3414	0.0197	0.3459	0.0242	batch
ENSMUSG00000040136	0.0207	0.0391	0.0236	0.0420	group
ENSMUSG00000050732	0.0396	0.0453	0.0406	0.0463	group
ENSMUSG00000056145	0.5175	0.0188	0.5287	0.0300	batch
ENSMUSG00000034209	0.2081	0.0278	0.2011	0.0207	batch
ENSMUSG00000021823	0.0806	0.0752	0.0746	0.0692	batch
ENSMUSG00000039057	0.0498	0.0547	0.0509	0.0558	group
ENSMUSG00000008307	0.1821	0.1209	0.1974	0.1362	batch
ENSMUSG00000038608	0.0081	0.0340	0.0071	0.0329	group
ENSMUSG00000034796	0.0646	0.0530	0.0589	0.0473	batch
ENSMUSG00000071637	0.4205	0.0170	0.4248	0.0212	batch
ENSMUSG00000001025	0.2000	0.0178	0.2000	0.0178	batch
ENSMUSG00000025888	0.1340	0.0650	0.1286	0.0596	batch
ENSMUSG00000034911	0.0065	0.0579	0.0079	0.0592	group
ENSMUSG00000074896	0.1602	0.0296	0.1566	0.0260	batch
ENSMUSG00000004896	0.0200	0.1240	0.0249	0.1288	group
ENSMUSG00000040706	0.0005	0.0754	0.0001	0.0750	group
ENSMUSG00000040978	0.0383	0.1137	0.0400	0.1153	group
ENSMUSG00000071379	0.0067	0.0398	0.0052	0.0383	group
ENSMUSG00000074252	0.0765	0.0555	0.0835	0.0625	batch
ENSMUSG00000062588	0.0586	0.1380	0.0530	0.1323	group
ENSMUSG00000005682	0.0634	0.1013	0.0709	0.1087	group
ENSMUSG00000078651	0.0000	0.1571	0.0003	0.1574	group
ENSMUSG00000115936	0.1868	0.0745	0.1753	0.0630	batch
ENSMUSG00000114951	0.0513	0.0124	0.0495	0.0105	batch
ENSMUSG00000030223	0.0150	0.0642	0.0153	0.0645	group
ENSMUSG00000035473	0.0253	0.0314	0.0267	0.0328	group
ENSMUSG00000052726	0.3445	0.0628	0.3607	0.0790	batch
ENSMUSG00000085547	0.0985	0.0571	0.0913	0.0499	batch
ENSMUSG00000114940	0.0518	0.0123	0.0499	0.0104	batch
ENSMUSG00000101872	0.0712	0.1139	0.0787	0.1214	group
ENSMUSG00000074006	0.0331	0.1568	0.0388	0.1625	group
ENSMUSG00000097789	0.0754	0.0691	0.0684	0.0621	batch
ENSMUSG00000051811	0.0533	0.0728	0.0577	0.0772	group
ENSMUSG00000022865	0.4424	0.0641	0.4602	0.0819	batch
ENSMUSG00000027073	0.0329	0.0666	0.0305	0.0642	group
ENSMUSG00000042501	0.1022	0.0590	0.1080	0.0648	batch
ENSMUSG00000027171	0.0161	0.0764	0.0181	0.0784	group
ENSMUSG00000032323	0.0554	0.0259	0.0594	0.0299	batch
ENSMUSG00000020908	0.0163	0.0056	0.0154	0.0047	batch
ENSMUSG00000057068	0.0087	0.0438	0.0094	0.0445	group
ENSMUSG00000025036	0.0863	0.1018	0.0961	0.1117	group
ENSMUSG00000027716	0.0001	0.0179	0.0003	0.0181	group
ENSMUSG00000032033	0.0933	0.0714	0.0859	0.0640	batch
ENSMUSG00000103037	0.0003	0.0189	0.0005	0.0191	group
ENSMUSG00000029862	0.0663	0.2105	0.0781	0.2223	group
ENSMUSG00000039787	0.0105	0.0331	0.0120	0.0346	group
ENSMUSG00000052942	0.0148	0.1104	0.0187	0.1142	group
ENSMUSG00000081752	0.2663	0.0129	0.2632	0.0098	batch
ENSMUSG00000096862	0.1248	0.0364	0.1294	0.0410	batch
ENSMUSG00000041308	0.0008	0.1499	0.0021	0.1512	group
ENSMUSG00000033965	0.0189	0.0503	0.0195	0.0509	group
ENSMUSG00000026632	0.0479	0.0413	0.0525	0.0458	batch
ENSMUSG00000104222	0.0026	0.0341	0.0017	0.0332	group
ENSMUSG00000044447	0.0034	0.0435	0.0026	0.0427	group
ENSMUSG00000021751	0.0160	0.0287	0.0149	0.0276	group
ENSMUSG00000078868	0.0000	0.1118	0.0001	0.1119	group
ENSMUSG00000055862	0.0182	0.0328	0.0199	0.0345	group
ENSMUSG00000098506	0.0388	0.0350	0.0361	0.0322	batch
ENSMUSG00000022419	0.2611	0.0538	0.2742	0.0668	batch
ENSMUSG00000050122	0.0156	0.0011	0.0153	0.0008	batch
ENSMUSG00000031229	0.3040	0.0653	0.3189	0.0801	batch
ENSMUSG00000075410	0.0110	0.0994	0.0123	0.1008	group
ENSMUSG00000024008	0.1834	0.0483	0.1744	0.0393	batch
ENSMUSG00000075502	0.0455	0.0020	0.0458	0.0023	batch
ENSMUSG00000029755	0.1013	0.0251	0.1035	0.0273	batch
ENSMUSG00000003032	0.0021	0.0556	0.0014	0.0550	group
ENSMUSG00000055320	0.0013	0.1499	0.0003	0.1489	group
ENSMUSG00000025927	0.0482	0.0330	0.0511	0.0358	batch
ENSMUSG00000042604	0.0506	0.0217	0.0476	0.0188	batch
ENSMUSG00000044921	0.0014	0.0466	0.0013	0.0465	group
ENSMUSG00000086889	0.1243	0.0052	0.1254	0.0063	batch
ENSMUSG00000095742	0.3222	0.0110	0.3268	0.0156	batch
ENSMUSG00000068758	0.0250	0.1412	0.0277	0.1439	group
ENSMUSG00000095098	0.6661	0.0563	0.6681	0.0583	batch
ENSMUSG00000020090	0.0309	0.0076	0.0324	0.0091	batch
ENSMUSG00000032327	0.0013	0.0461	0.0008	0.0456	group
ENSMUSG00000048126	0.0407	0.0585	0.0423	0.0601	group
ENSMUSG00000025450	0.0828	0.1022	0.0911	0.1105	group
ENSMUSG00000046561	0.0384	0.0137	0.0366	0.0119	batch
ENSMUSG00000025370	0.0246	0.0086	0.0234	0.0074	batch
ENSMUSG00000090125	0.4572	0.0022	0.4559	0.0009	batch
ENSMUSG00000028532	0.0584	0.0650	0.0524	0.0590	group
ENSMUSG00000030330	0.1195	0.1417	0.1313	0.1535	group
ENSMUSG00000057098	0.0000	0.0856	0.0001	0.0857	group
ENSMUSG00000041378	0.0932	0.1649	0.0936	0.1652	group
ENSMUSG00000026610	0.1212	0.0141	0.1201	0.0130	batch
ENSMUSG00000038816	0.0094	0.0899	0.0121	0.0926	group
ENSMUSG00000064065	0.1768	0.0306	0.1795	0.0333	batch
ENSMUSG00000033633	0.0050	0.0221	0.0047	0.0218	group
ENSMUSG00000051599	0.0061	0.0570	0.0057	0.0566	group
ENSMUSG00000069833	0.0087	0.1611	0.0123	0.1648	group
ENSMUSG00000037977	0.0485	0.0208	0.0491	0.0213	batch
ENSMUSG00000036533	0.2593	0.0215	0.2660	0.0282	batch
ENSMUSG00000035954	0.0159	0.0245	0.0177	0.0263	group
ENSMUSG00000044501	0.3337	0.0711	0.3453	0.0827	batch
ENSMUSG00000091002	0.0505	0.0208	0.0539	0.0243	batch
ENSMUSG00000029913	0.0403	0.1617	0.0329	0.1544	group
ENSMUSG00000098404	0.0001	0.0679	0.0002	0.0680	group
ENSMUSG00000046699	0.4384	0.0341	0.4462	0.0419	batch
ENSMUSG00000039278	0.4297	0.0947	0.4393	0.1043	batch
ENSMUSG00000033411	0.0712	0.0325	0.0748	0.0361	batch
ENSMUSG00000024137	0.0212	0.1166	0.0258	0.1213	group
ENSMUSG00000052713	0.0206	0.0448	0.0239	0.0480	group
ENSMUSG00000025597	0.2216	0.0230	0.2204	0.0218	batch
ENSMUSG00000021556	0.1122	0.0578	0.1044	0.0500	batch
ENSMUSG00000069170	0.0198	0.0856	0.0186	0.0844	group
ENSMUSG00000015850	0.0008	0.0468	0.0011	0.0471	group
ENSMUSG00000035783	0.0011	0.0461	0.0006	0.0455	group
ENSMUSG00000046449	0.2579	0.0115	0.2634	0.0170	batch
ENSMUSG00000039007	0.0329	0.0217	0.0337	0.0225	batch
ENSMUSG00000102070	0.4139	0.0404	0.4240	0.0505	batch
ENSMUSG00000064354	0.4130	0.0405	0.4231	0.0506	batch
ENSMUSG00000101249	0.3589	0.0297	0.3639	0.0348	batch
ENSMUSG00000010476	0.0410	0.0395	0.0440	0.0425	batch
ENSMUSG00000030235	0.0053	0.0514	0.0045	0.0505	group
ENSMUSG00000053205	0.3307	0.0801	0.3485	0.0980	batch
ENSMUSG00000023272	0.3883	0.0885	0.3721	0.0723	batch
ENSMUSG00000004894	0.0983	0.0146	0.0952	0.0116	batch
ENSMUSG00000003617	0.0239	0.0182	0.0256	0.0198	batch
ENSMUSG00000037679	0.0644	0.0247	0.0687	0.0289	batch
ENSMUSG00000066406	0.0109	0.2041	0.0163	0.2095	group
ENSMUSG00000051435	0.0031	0.0790	0.0029	0.0787	group
ENSMUSG00000100629	0.1482	0.1338	0.1627	0.1483	batch
ENSMUSG00000072501	0.4677	0.0579	0.4860	0.0763	batch
ENSMUSG00000021118	0.0001	0.0603	0.0001	0.0604	group
ENSMUSG00000091957	0.5525	0.0444	0.5535	0.0453	batch
ENSMUSG00000090021	0.0477	0.1032	0.0409	0.0964	group
ENSMUSG00000020519	0.8485	0.0045	0.8477	0.0037	batch
ENSMUSG00000032554	0.2180	0.0267	0.2200	0.0286	batch
ENSMUSG00000056162	0.0235	0.0523	0.0230	0.0518	group
ENSMUSG00000043631	0.0001	0.0371	0.0003	0.0373	group
ENSMUSG00000092035	0.0005	0.1195	0.0000	0.1190	group
ENSMUSG00000107096	0.0239	0.1833	0.0309	0.1902	group
ENSMUSG00000039899	0.0752	0.0097	0.0778	0.0123	batch
ENSMUSG00000104674	0.0025	0.0150	0.0024	0.0149	group
ENSMUSG00000031508	0.0499	0.2055	0.0596	0.2152	group
ENSMUSG00000103662	0.1118	0.0649	0.1186	0.0717	batch
ENSMUSG00000029182	0.0161	0.1352	0.0169	0.1359	group
ENSMUSG00000032259	0.0735	0.0458	0.0797	0.0521	batch
ENSMUSG00000092178	0.0221	0.0280	0.0213	0.0273	group
ENSMUSG00000046352	0.0000	0.0456	0.0000	0.0456	group
ENSMUSG00000067786	0.0660	0.0129	0.0692	0.0161	batch
ENSMUSG00000055639	0.2109	0.0919	0.2140	0.0950	batch
ENSMUSG00000054320	0.0058	0.0684	0.0045	0.0671	group
ENSMUSG00000026872	0.0367	0.0413	0.0407	0.0454	group
ENSMUSG00000058400	0.2295	0.0485	0.2195	0.0385	batch
ENSMUSG00000022759	0.0065	0.0970	0.0074	0.0979	group
ENSMUSG00000115276	0.1211	0.0395	0.1281	0.0465	batch
ENSMUSG00000020905	0.1990	0.0015	0.2012	0.0037	batch
ENSMUSG00000035576	0.1174	0.1008	0.1267	0.1101	batch
ENSMUSG00000081957	0.2033	0.0338	0.1967	0.0272	batch
ENSMUSG00000049583	0.0627	0.0301	0.0663	0.0337	batch
ENSMUSG00000041809	0.0002	0.1435	0.0003	0.1436	group
ENSMUSG00000041703	0.0001	0.0388	0.0000	0.0388	group
ENSMUSG00000035032	0.0182	0.1170	0.0214	0.1203	group
ENSMUSG00000031112	0.5039	0.0598	0.5191	0.0750	batch
ENSMUSG00000085711	0.1255	0.0394	0.1327	0.0467	batch
ENSMUSG00000035262	0.0003	0.0527	0.0008	0.0532	group
ENSMUSG00000007944	0.0573	0.0618	0.0611	0.0656	group
ENSMUSG00000026831	0.1295	0.0661	0.1324	0.0690	batch
ENSMUSG00000109472	0.0315	0.0327	0.0299	0.0311	group
ENSMUSG00000026830	0.0869	0.0583	0.0800	0.0513	batch
ENSMUSG00000060988	0.4393	0.0176	0.4407	0.0190	batch
ENSMUSG00000043144	0.0066	0.0253	0.0056	0.0243	group
ENSMUSG00000095199	0.0007	0.1286	0.0001	0.1279	group
ENSMUSG00000028527	0.3449	0.0688	0.3302	0.0541	batch
ENSMUSG00000033788	0.1444	0.0084	0.1440	0.0080	batch
ENSMUSG00000009207	0.4922	0.0278	0.5020	0.0376	batch
ENSMUSG00000081996	0.6038	0.0415	0.5983	0.0360	batch
ENSMUSG00000040812	0.0191	0.0609	0.0212	0.0630	group
ENSMUSG00000029352	0.0132	0.0465	0.0116	0.0449	group
ENSMUSG00000019970	0.0099	0.1665	0.0087	0.1652	group
ENSMUSG00000033987	0.1018	0.0505	0.1091	0.0578	batch
ENSMUSG00000034653	0.3875	0.0055	0.3932	0.0112	batch
ENSMUSG00000026826	0.1016	0.0210	0.1067	0.0261	batch
ENSMUSG00000046922	0.1232	0.0804	0.1168	0.0741	batch
ENSMUSG00000087153	0.0094	0.0509	0.0114	0.0529	group
ENSMUSG00000047843	0.7905	0.0175	0.8026	0.0296	batch
ENSMUSG00000118310	0.1092	0.0392	0.1112	0.0411	batch
ENSMUSG00000050558	0.0001	0.0847	0.0002	0.0848	group
ENSMUSG00000027580	0.0414	0.2153	0.0511	0.2250	group
ENSMUSG00000021950	0.0004	0.0555	0.0005	0.0556	group
ENSMUSG00000035697	0.0114	0.1571	0.0148	0.1605	group
ENSMUSG00000035948	0.0071	0.0578	0.0060	0.0567	group
ENSMUSG00000030583	0.0058	0.0706	0.0040	0.0687	group
ENSMUSG00000055322	0.0701	0.0570	0.0768	0.0638	batch
ENSMUSG00000105632	0.1162	0.1176	0.1289	0.1302	group
ENSMUSG00000041607	0.0258	0.0397	0.0292	0.0431	group
ENSMUSG00000032548	0.0871	0.1458	0.0762	0.1349	group
ENSMUSG00000055653	0.0791	0.0219	0.0836	0.0264	batch
ENSMUSG00000054594	0.0805	0.0123	0.0824	0.0142	batch
ENSMUSG00000030655	0.0649	0.1975	0.0771	0.2097	group
ENSMUSG00000093800	0.0195	0.0904	0.0155	0.0865	group
ENSMUSG00000059588	0.1918	0.0164	0.1902	0.0148	batch
ENSMUSG00000030309	0.0958	0.1666	0.1095	0.1802	group
ENSMUSG00000026768	0.1304	0.0504	0.1391	0.0592	batch
ENSMUSG00000085894	0.0760	0.0857	0.0835	0.0932	group
ENSMUSG00000033721	0.0300	0.0094	0.0289	0.0083	batch
ENSMUSG00000052372	0.5696	0.0252	0.5783	0.0339	batch
ENSMUSG00000029546	0.1177	0.0038	0.1200	0.0062	batch
ENSMUSG00000012126	0.0497	0.0255	0.0526	0.0284	batch
ENSMUSG00000030259	0.0385	0.0017	0.0378	0.0011	batch
ENSMUSG00000085035	0.0106	0.0135	0.0099	0.0129	group
ENSMUSG00000048600	0.0001	0.0278	0.0001	0.0279	group
ENSMUSG00000020758	0.0103	0.0510	0.0090	0.0496	group
ENSMUSG00000024006	0.0204	0.1425	0.0253	0.1473	group
ENSMUSG00000025324	0.1312	0.0824	0.1348	0.0860	batch
ENSMUSG00000064357	0.3612	0.0196	0.3709	0.0293	batch
ENSMUSG00000020788	0.0019	0.0957	0.0008	0.0946	group
ENSMUSG00000106928	0.0176	0.1893	0.0122	0.1839	group
ENSMUSG00000022822	0.0756	0.1761	0.0871	0.1877	group
ENSMUSG00000103839	0.2790	0.0013	0.2808	0.0031	batch
ENSMUSG00000082625	0.0037	0.0751	0.0034	0.0747	group
ENSMUSG00000074903	0.0202	0.0114	0.0188	0.0101	batch
ENSMUSG00000040929	0.0503	0.0502	0.0556	0.0556	batch
ENSMUSG00000043448	0.3435	0.0026	0.3416	0.0006	batch
ENSMUSG00000031344	0.0086	0.1922	0.0053	0.1889	group
ENSMUSG00000076612	0.0973	0.0133	0.1012	0.0172	batch
ENSMUSG00000026062	0.1953	0.1000	0.1817	0.0865	batch
ENSMUSG00000048029	0.0120	0.1565	0.0105	0.1550	group
ENSMUSG00000086228	0.0196	0.1690	0.0257	0.1751	group
ENSMUSG00000024517	0.2421	0.0464	0.2538	0.0581	batch
ENSMUSG00000027375	0.1118	0.0204	0.1141	0.0227	batch
ENSMUSG00000029208	0.1709	0.0921	0.1838	0.1049	batch
ENSMUSG00000021587	0.1261	0.0186	0.1304	0.0229	batch
ENSMUSG00000107086	0.0529	0.2181	0.0646	0.2298	group
ENSMUSG00000017466	0.0100	0.0444	0.0122	0.0466	group
ENSMUSG00000027676	0.2328	0.0635	0.2461	0.0767	batch
ENSMUSG00000020019	0.0033	0.0231	0.0027	0.0224	group
ENSMUSG00000022883	0.0117	0.0277	0.0100	0.0259	group
ENSMUSG00000019848	0.1100	0.0465	0.1041	0.0406	batch
ENSMUSG00000103694	0.0666	0.0488	0.0728	0.0550	batch
ENSMUSG00000040084	0.1225	0.0313	0.1291	0.0380	batch
ENSMUSG00000103092	0.0004	0.0369	0.0002	0.0367	group
ENSMUSG00000045441	0.0012	0.0843	0.0024	0.0855	group
ENSMUSG00000037416	0.1181	0.0439	0.1254	0.0512	batch
ENSMUSG00000042328	0.0080	0.1306	0.0108	0.1334	group
ENSMUSG00000036103	0.0133	0.0710	0.0166	0.0743	group
ENSMUSG00000104346	0.0198	0.0290	0.0222	0.0314	group
ENSMUSG00000070605	0.3218	0.1066	0.3355	0.1202	batch
ENSMUSG00000074715	0.0002	0.0052	0.0002	0.0051	group
ENSMUSG00000067931	0.0315	0.1383	0.0387	0.1456	group
ENSMUSG00000047730	0.2080	0.1160	0.2053	0.1133	batch
ENSMUSG00000061718	0.0031	0.0584	0.0027	0.0581	group
ENSMUSG00000017737	0.0839	0.0902	0.0801	0.0864	group
ENSMUSG00000007440	0.0111	0.0240	0.0103	0.0232	group
ENSMUSG00000097090	0.0180	0.1381	0.0235	0.1436	group
ENSMUSG00000079429	0.1184	0.0793	0.1262	0.0871	batch
ENSMUSG00000047797	0.1135	0.0422	0.1196	0.0483	batch
ENSMUSG00000049580	0.0865	0.0725	0.0829	0.0689	batch
ENSMUSG00000027474	0.0221	0.0472	0.0254	0.0506	group
ENSMUSG00000062184	0.2453	0.0491	0.2409	0.0447	batch
ENSMUSG00000024190	0.0461	0.0451	0.0495	0.0485	batch
ENSMUSG00000110148	0.1447	0.0409	0.1458	0.0419	batch
ENSMUSG00000064023	0.2919	0.0033	0.2959	0.0072	batch
ENSMUSG00000022533	0.0927	0.0347	0.0973	0.0392	batch
ENSMUSG00000084010	0.1576	0.0217	0.1582	0.0222	batch
ENSMUSG00000038079	0.0000	0.0498	0.0000	0.0498	group
ENSMUSG00000004933	0.0043	0.0466	0.0033	0.0456	group
ENSMUSG00000026278	0.3479	0.0211	0.3414	0.0146	batch
ENSMUSG00000029439	0.0497	0.1529	0.0581	0.1613	group
ENSMUSG00000042595	0.6471	0.0283	0.6623	0.0435	batch
ENSMUSG00000052135	0.3530	0.0179	0.3459	0.0108	batch
ENSMUSG00000073412	0.0022	0.0371	0.0032	0.0381	group
ENSMUSG00000020427	0.1130	0.0297	0.1178	0.0345	batch
ENSMUSG00000087231	0.2177	0.1412	0.2328	0.1563	batch
ENSMUSG00000017412	0.4645	0.0315	0.4768	0.0438	batch
ENSMUSG00000078902	0.1915	0.0436	0.2010	0.0531	batch
ENSMUSG00000026904	0.1589	0.0211	0.1599	0.0221	batch
ENSMUSG00000027931	0.0155	0.0457	0.0184	0.0486	group
ENSMUSG00000026730	0.6027	0.0028	0.6086	0.0087	batch
ENSMUSG00000089809	0.2019	0.0539	0.1918	0.0439	batch
ENSMUSG00000082922	0.0207	0.0128	0.0224	0.0145	batch
ENSMUSG00000041685	0.4039	0.0722	0.4228	0.0911	batch
ENSMUSG00000051590	0.1393	0.2391	0.1230	0.2228	group
ENSMUSG00000035179	0.1771	0.0274	0.1737	0.0240	batch
ENSMUSG00000048218	0.2759	0.0152	0.2700	0.0093	batch
ENSMUSG00000056771	0.0001	0.0723	0.0004	0.0726	group
ENSMUSG00000031255	0.2280	0.0062	0.2319	0.0101	batch
ENSMUSG00000073664	0.2613	0.1399	0.2817	0.1603	batch
ENSMUSG00000014778	0.0522	0.1387	0.0600	0.1466	group
ENSMUSG00000102752	0.0023	0.1227	0.0044	0.1247	group
ENSMUSG00000059540	0.0455	0.0295	0.0486	0.0326	batch
ENSMUSG00000104103	0.0429	0.0518	0.0414	0.0503	group
ENSMUSG00000059031	0.8473	0.0018	0.8467	0.0012	batch
ENSMUSG00000019874	0.1121	0.0241	0.1178	0.0299	batch
ENSMUSG00000039968	0.4340	0.0316	0.4474	0.0449	batch
ENSMUSG00000072946	0.0901	0.0147	0.0923	0.0169	batch
ENSMUSG00000030222	0.1397	0.0312	0.1334	0.0248	batch
ENSMUSG00000069892	0.0318	0.0152	0.0335	0.0169	batch
ENSMUSG00000035112	0.0963	0.0642	0.1048	0.0727	batch
ENSMUSG00000039167	0.0219	0.1639	0.0227	0.1647	group
ENSMUSG00000033227	0.0064	0.0214	0.0072	0.0222	group
ENSMUSG00000089991	0.0035	0.0453	0.0028	0.0447	group
ENSMUSG00000079045	0.0253	0.0593	0.0279	0.0619	group
ENSMUSG00000063406	0.8532	0.0031	0.8607	0.0106	batch
ENSMUSG00000087623	0.1574	0.1050	0.1653	0.1129	batch
ENSMUSG00000038011	0.0002	0.0863	0.0005	0.0866	group
ENSMUSG00000060621	0.0051	0.2538	0.0021	0.2508	group
ENSMUSG00000005397	0.0001	0.2122	0.0001	0.2123	group
ENSMUSG00000031209	0.1229	0.0499	0.1311	0.0581	batch
ENSMUSG00000031765	0.4288	0.1322	0.4539	0.1573	batch
ENSMUSG00000061527	0.1102	0.1051	0.1053	0.1002	batch
ENSMUSG00000028717	0.0587	0.0893	0.0653	0.0959	group
ENSMUSG00000025885	0.2762	0.0780	0.2643	0.0661	batch
ENSMUSG00000029633	0.0638	0.0128	0.0646	0.0136	batch
ENSMUSG00000064201	0.1340	0.0009	0.1335	0.0004	batch
ENSMUSG00000055148	0.2959	0.0063	0.2968	0.0072	batch
ENSMUSG00000015882	0.2895	0.0125	0.2923	0.0152	batch
ENSMUSG00000014932	0.1873	0.0108	0.1848	0.0082	batch
ENSMUSG00000061702	0.0160	0.0339	0.0145	0.0324	group
ENSMUSG00000053783	0.0209	0.1526	0.0209	0.1526	group
ENSMUSG00000047420	0.0332	0.0163	0.0353	0.0184	batch
ENSMUSG00000094108	0.0811	0.0295	0.0850	0.0334	batch
ENSMUSG00000043019	0.0019	0.0296	0.0027	0.0304	group
ENSMUSG00000049538	0.0772	0.1377	0.0871	0.1477	group
ENSMUSG00000038793	0.2650	0.0196	0.2691	0.0237	batch
ENSMUSG00000032908	0.0563	0.0027	0.0552	0.0016	batch
ENSMUSG00000022206	0.0100	0.0271	0.0095	0.0267	group
ENSMUSG00000043773	0.0120	0.0121	0.0118	0.0120	group
ENSMUSG00000021835	0.0151	0.0939	0.0170	0.0958	group
ENSMUSG00000100303	0.0048	0.0720	0.0069	0.0741	group
ENSMUSG00000055421	0.1325	0.0141	0.1326	0.0142	batch
ENSMUSG00000061802	0.0743	0.2384	0.0713	0.2354	group
ENSMUSG00000020651	0.3709	0.0578	0.3571	0.0440	batch
ENSMUSG00000038766	0.1397	0.1240	0.1540	0.1382	batch
ENSMUSG00000040710	0.3190	0.0097	0.3200	0.0107	batch
ENSMUSG00000029155	0.0017	0.0915	0.0011	0.0908	group
ENSMUSG00000026344	0.0004	0.0486	0.0010	0.0492	group
ENSMUSG00000044461	0.0874	0.0347	0.0859	0.0331	batch
ENSMUSG00000036777	0.1131	0.0409	0.1073	0.0351	batch
ENSMUSG00000026923	0.0204	0.0164	0.0186	0.0146	batch
ENSMUSG00000026399	0.0053	0.1408	0.0052	0.1407	group
ENSMUSG00000002910	0.0060	0.0026	0.0056	0.0022	batch
ENSMUSG00000039385	0.0803	0.0291	0.0767	0.0255	batch
ENSMUSG00000041957	0.1805	0.1013	0.1676	0.0885	batch
ENSMUSG00000114607	0.0375	0.0145	0.0352	0.0123	batch
ENSMUSG00000036856	0.0030	0.0082	0.0036	0.0088	group
ENSMUSG00000039205	0.0861	0.0900	0.0947	0.0987	group
ENSMUSG00000026778	0.0216	0.0525	0.0225	0.0535	group
ENSMUSG00000030321	0.1285	0.0796	0.1394	0.0904	batch
ENSMUSG00000031618	0.0001	0.0185	0.0000	0.0184	group
ENSMUSG00000021541	0.0198	0.0275	0.0221	0.0298	group
ENSMUSG00000020131	0.0954	0.0171	0.0925	0.0142	batch
ENSMUSG00000031883	0.2192	0.0165	0.2143	0.0116	batch
ENSMUSG00000020844	0.2439	0.0008	0.2460	0.0028	batch
ENSMUSG00000070720	0.0522	0.0188	0.0492	0.0159	batch
ENSMUSG00000032372	0.0563	0.0029	0.0566	0.0032	batch
ENSMUSG00000099481	0.0928	0.0782	0.0997	0.0851	batch
ENSMUSG00000022129	0.0136	0.0327	0.0134	0.0325	group
ENSMUSG00000097535	0.0442	0.0339	0.0461	0.0357	batch
ENSMUSG00000019906	0.0401	0.0305	0.0437	0.0341	batch
ENSMUSG00000055926	0.0827	0.1413	0.0941	0.1528	group
ENSMUSG00000030098	0.1900	0.1117	0.1975	0.1193	batch
ENSMUSG00000039841	0.0297	0.0072	0.0312	0.0087	batch
ENSMUSG00000052921	0.0525	0.0213	0.0509	0.0197	batch
ENSMUSG00000103334	0.0118	0.0032	0.0124	0.0038	batch
ENSMUSG00000047143	0.2773	0.0069	0.2742	0.0039	batch
ENSMUSG00000035357	0.0971	0.0147	0.0954	0.0130	batch
ENSMUSG00000037355	0.2703	0.1019	0.2884	0.1200	batch
ENSMUSG00000025823	0.3849	0.1194	0.3647	0.0991	batch
ENSMUSG00000102498	0.0409	0.0679	0.0441	0.0710	group
ENSMUSG00000115008	0.0000	0.0527	0.0000	0.0527	group
ENSMUSG00000071793	0.0359	0.0946	0.0423	0.1010	group
ENSMUSG00000020439	0.0384	0.0674	0.0410	0.0700	group
ENSMUSG00000110631	0.0551	0.1293	0.0638	0.1380	group
ENSMUSG00000041775	0.0466	0.0582	0.0503	0.0619	group
ENSMUSG00000018830	0.2260	0.1049	0.2394	0.1183	batch
ENSMUSG00000109481	0.1025	0.0222	0.1054	0.0252	batch
ENSMUSG00000074971	0.0193	0.0154	0.0181	0.0142	batch
ENSMUSG00000019768	0.0060	0.0098	0.0053	0.0091	group
ENSMUSG00000110070	0.0181	0.0015	0.0187	0.0021	batch
ENSMUSG00000033855	0.0245	0.0183	0.0224	0.0162	batch
ENSMUSG00000022763	0.0123	0.0781	0.0154	0.0812	group
ENSMUSG00000023828	0.1145	0.0469	0.1075	0.0398	batch
ENSMUSG00000053178	0.0016	0.0520	0.0023	0.0528	group
ENSMUSG00000100967	0.2071	0.0032	0.2069	0.0030	batch
ENSMUSG00000040651	0.0030	0.1195	0.0053	0.1218	group
ENSMUSG00000083375	0.1246	0.0040	0.1229	0.0023	batch
ENSMUSG00000028546	0.4588	0.0041	0.4571	0.0024	batch
ENSMUSG00000038582	0.1546	0.0005	0.1541	0.0000	batch
ENSMUSG00000113342	0.2590	0.0207	0.2565	0.0182	batch
ENSMUSG00000026834	0.2444	0.0664	0.2560	0.0780	batch
ENSMUSG00000023348	0.0000	0.1103	0.0004	0.1107	group
ENSMUSG00000021221	0.0117	0.0731	0.0090	0.0704	group
ENSMUSG00000050157	0.0006	0.0114	0.0006	0.0114	group
ENSMUSG00000022449	0.0334	0.1938	0.0418	0.2022	group
ENSMUSG00000001750	0.0000	0.1082	0.0001	0.1083	group
ENSMUSG00000025196	0.0000	0.0570	0.0000	0.0570	group
ENSMUSG00000048540	0.0242	0.0044	0.0232	0.0035	batch
ENSMUSG00000032253	0.3327	0.1882	0.3596	0.2150	batch
ENSMUSG00000053004	0.0293	0.0400	0.0260	0.0367	group
ENSMUSG00000109325	0.0024	0.1189	0.0025	0.1190	group
ENSMUSG00000020447	0.0298	0.1310	0.0356	0.1367	group
ENSMUSG00000023064	0.0917	0.0606	0.0958	0.0646	batch
ENSMUSG00000010122	0.0860	0.0621	0.0937	0.0698	batch
ENSMUSG00000043639	0.0134	0.0761	0.0110	0.0737	group
ENSMUSG00000073514	0.4672	0.0252	0.4796	0.0376	batch
ENSMUSG00000103770	0.0834	0.0439	0.0782	0.0387	batch
ENSMUSG00000068699	0.0093	0.2323	0.0059	0.2290	group
ENSMUSG00000047988	0.0483	0.1246	0.0563	0.1325	group
ENSMUSG00000024172	0.6361	0.0003	0.6388	0.0031	batch
ENSMUSG00000095403	0.0000	0.0372	0.0002	0.0374	group
ENSMUSG00000043259	0.0746	0.0024	0.0735	0.0013	batch
ENSMUSG00000079502	0.0133	0.0288	0.0145	0.0301	group
ENSMUSG00000040428	0.0465	0.0101	0.0459	0.0095	batch
ENSMUSG00000027744	0.0385	0.1312	0.0365	0.1292	group
ENSMUSG00000017417	0.0519	0.0113	0.0497	0.0092	batch
ENSMUSG00000074345	0.0022	0.1045	0.0040	0.1062	group
ENSMUSG00000093880	0.0161	0.1709	0.0221	0.1768	group
ENSMUSG00000033149	0.0692	0.0109	0.0722	0.0140	batch
ENSMUSG00000006777	0.0016	0.0749	0.0019	0.0752	group
ENSMUSG00000097640	0.1031	0.1188	0.0952	0.1109	group
ENSMUSG00000073131	0.7156	0.0022	0.7212	0.0078	batch
ENSMUSG00000107352	0.1277	0.0498	0.1359	0.0580	batch
ENSMUSG00000034579	0.1900	0.0831	0.2020	0.0951	batch
ENSMUSG00000061013	0.1259	0.0204	0.1303	0.0247	batch
ENSMUSG00000028730	0.0165	0.2094	0.0202	0.2132	group
ENSMUSG00000053626	0.0593	0.0189	0.0561	0.0157	batch
ENSMUSG00000109890	0.3165	0.0491	0.3065	0.0391	batch
ENSMUSG00000090877	0.4002	0.0771	0.3846	0.0614	batch
ENSMUSG00000005465	0.0453	0.0061	0.0438	0.0045	batch
ENSMUSG00000115049	0.0291	0.0976	0.0328	0.1013	group
ENSMUSG00000025905	0.0011	0.0035	0.0012	0.0036	group
ENSMUSG00000084289	0.5851	0.0371	0.6020	0.0540	batch
ENSMUSG00000044734	0.2194	0.0029	0.2223	0.0058	batch
ENSMUSG00000085917	0.0698	0.0035	0.0690	0.0027	batch
ENSMUSG00000095234	0.0904	0.0357	0.0945	0.0399	batch
ENSMUSG00000096596	0.0140	0.0366	0.0121	0.0347	group
ENSMUSG00000017716	0.0114	0.0371	0.0097	0.0354	group
ENSMUSG00000028341	0.0385	0.1367	0.0317	0.1299	group
ENSMUSG00000074743	0.0242	0.1586	0.0302	0.1646	group
ENSMUSG00000024127	0.0042	0.0133	0.0041	0.0132	group
ENSMUSG00000026193	0.1802	0.0923	0.1862	0.0983	batch
ENSMUSG00000112237	0.0254	0.2558	0.0182	0.2486	group
ENSMUSG00000029561	0.0691	0.0597	0.0733	0.0639	batch
ENSMUSG00000028864	0.0001	0.0532	0.0000	0.0531	group
ENSMUSG00000029372	0.0388	0.0722	0.0357	0.0691	group
ENSMUSG00000048047	0.0718	0.0389	0.0768	0.0438	batch
ENSMUSG00000106408	0.0005	0.0895	0.0010	0.0900	group
ENSMUSG00000043991	0.1718	0.0282	0.1776	0.0340	batch
ENSMUSG00000110373	0.0201	0.1391	0.0180	0.1370	group
ENSMUSG00000020752	0.0600	0.0621	0.0649	0.0670	group
ENSMUSG00000022768	0.1587	0.0518	0.1500	0.0431	batch
ENSMUSG00000035158	0.0489	0.0683	0.0543	0.0738	group
ENSMUSG00000025407	0.0201	0.0126	0.0192	0.0117	batch
ENSMUSG00000029823	0.3002	0.1129	0.3196	0.1324	batch
ENSMUSG00000073975	0.0852	0.0352	0.0838	0.0339	batch
ENSMUSG00000032621	0.1150	0.1935	0.1301	0.2085	group
ENSMUSG00000085385	0.1007	0.1018	0.1095	0.1106	group
ENSMUSG00000057182	0.0378	0.0231	0.0406	0.0260	batch
ENSMUSG00000078889	0.0854	0.0531	0.0927	0.0604	batch
ENSMUSG00000026347	0.0931	0.0247	0.0981	0.0298	batch
ENSMUSG00000058571	0.0019	0.0181	0.0021	0.0184	group
ENSMUSG00000030905	0.2831	0.0121	0.2864	0.0154	batch
ENSMUSG00000104277	0.0485	0.0601	0.0508	0.0624	group
ENSMUSG00000096449	0.3104	0.0049	0.3108	0.0053	batch
ENSMUSG00000048915	0.2125	0.0358	0.2043	0.0276	batch
ENSMUSG00000045288	0.0338	0.0426	0.0360	0.0448	group
ENSMUSG00000032854	0.0133	0.0604	0.0108	0.0578	group
ENSMUSG00000025529	0.3235	0.0451	0.3293	0.0510	batch
ENSMUSG00000106870	0.2416	0.0517	0.2507	0.0608	batch
ENSMUSG00000028441	0.0261	0.1126	0.0266	0.1131	group
ENSMUSG00000040452	0.1463	0.0242	0.1444	0.0224	batch
ENSMUSG00000020155	0.1631	0.0066	0.1655	0.0090	batch
ENSMUSG00000037406	0.0880	0.0926	0.0948	0.0995	group
ENSMUSG00000060600	0.0496	0.0964	0.0535	0.1003	group
ENSMUSG00000095675	0.0157	0.0353	0.0138	0.0334	group
ENSMUSG00000079434	0.1228	0.0435	0.1166	0.0372	batch
ENSMUSG00000028270	0.0117	0.0762	0.0089	0.0734	group
ENSMUSG00000056427	0.0317	0.0195	0.0306	0.0184	batch
ENSMUSG00000050295	0.0002	0.1188	0.0007	0.1193	group
ENSMUSG00000096995	0.1747	0.0762	0.1636	0.0651	batch
ENSMUSG00000026235	0.0002	0.0323	0.0006	0.0326	group
ENSMUSG00000026312	0.1151	0.0200	0.1137	0.0186	batch
ENSMUSG00000093629	0.0748	0.0625	0.0821	0.0698	batch
ENSMUSG00000029761	0.0612	0.0672	0.0678	0.0737	group
ENSMUSG00000103088	0.0003	0.0040	0.0003	0.0041	group
ENSMUSG00000026927	0.0142	0.1018	0.0172	0.1047	group
ENSMUSG00000049577	0.2642	0.0322	0.2562	0.0243	batch
ENSMUSG00000003282	0.0569	0.1018	0.0648	0.1098	group
ENSMUSG00000044948	0.0075	0.1776	0.0088	0.1788	group
ENSMUSG00000078901	0.0904	0.0499	0.0976	0.0572	batch
ENSMUSG00000056870	0.2223	0.0036	0.2257	0.0071	batch
ENSMUSG00000113294	0.0373	0.1543	0.0309	0.1479	group
ENSMUSG00000028108	0.0134	0.0824	0.0164	0.0853	group
ENSMUSG00000112466	0.1329	0.0384	0.1294	0.0349	batch
ENSMUSG00000052613	0.4428	0.0622	0.4571	0.0765	batch
ENSMUSG00000117385	0.3587	0.0089	0.3572	0.0074	batch
ENSMUSG00000094065	0.0191	0.0331	0.0170	0.0310	group
ENSMUSG00000041134	0.0612	0.0521	0.0626	0.0534	batch
ENSMUSG00000073374	0.1812	0.1230	0.1913	0.1331	batch
ENSMUSG00000043843	0.0060	0.0489	0.0068	0.0497	group
ENSMUSG00000033191	0.0019	0.0809	0.0022	0.0812	group
ENSMUSG00000005716	0.1648	0.0049	0.1664	0.0065	batch
ENSMUSG00000107043	0.0989	0.2112	0.1111	0.2234	group
ENSMUSG00000006930	0.0015	0.0511	0.0008	0.0504	group
ENSMUSG00000071317	0.0476	0.1002	0.0439	0.0965	group
ENSMUSG00000047344	0.0446	0.0305	0.0485	0.0345	batch
ENSMUSG00000087064	0.0379	0.2156	0.0393	0.2170	group
ENSMUSG00000027331	0.0639	0.0564	0.0698	0.0624	batch
ENSMUSG00000029054	0.0003	0.0138	0.0002	0.0136	group
ENSMUSG00000033579	0.1347	0.0271	0.1297	0.0222	batch
ENSMUSG00000100417	0.0287	0.1158	0.0232	0.1103	group
ENSMUSG00000092490	0.0149	0.0339	0.0149	0.0339	group
ENSMUSG00000098557	0.0673	0.0567	0.0739	0.0633	batch
ENSMUSG00000073878	0.0195	0.0336	0.0174	0.0315	group
ENSMUSG00000036528	0.0072	0.0851	0.0077	0.0856	group
ENSMUSG00000033061	0.0327	0.1948	0.0415	0.2036	group
ENSMUSG00000108057	0.0167	0.1344	0.0205	0.1382	group
ENSMUSG00000024411	0.0365	0.0254	0.0397	0.0286	batch
ENSMUSG00000032021	0.0541	0.0668	0.0482	0.0609	group
ENSMUSG00000053552	0.0372	0.1127	0.0409	0.1165	group
ENSMUSG00000004415	0.1670	0.0842	0.1757	0.0930	batch
ENSMUSG00000008496	0.3081	0.0761	0.3248	0.0928	batch
ENSMUSG00000021712	0.1669	0.0368	0.1708	0.0407	batch
ENSMUSG00000073779	0.1352	0.1530	0.1225	0.1402	group
ENSMUSG00000021553	0.0051	0.0400	0.0057	0.0406	group
ENSMUSG00000019876	0.2783	0.0157	0.2727	0.0100	batch
ENSMUSG00000005950	0.2381	0.0250	0.2441	0.0310	batch
ENSMUSG00000072620	0.0224	0.0351	0.0227	0.0355	group
ENSMUSG00000049630	0.0180	0.0188	0.0188	0.0196	group
ENSMUSG00000048154	0.1182	0.1764	0.1326	0.1909	group
ENSMUSG00000028780	0.1542	0.0502	0.1622	0.0582	batch
ENSMUSG00000075334	0.0029	0.1361	0.0015	0.1347	group
ENSMUSG00000040565	0.0088	0.1468	0.0055	0.1435	group
ENSMUSG00000030351	0.0000	0.0147	0.0001	0.0148	group
ENSMUSG00000053166	0.0001	0.0389	0.0001	0.0389	group
ENSMUSG00000029287	0.0004	0.1713	0.0014	0.1723	group
ENSMUSG00000022246	0.1408	0.0052	0.1439	0.0083	batch
ENSMUSG00000000416	0.0599	0.0698	0.0669	0.0768	group
ENSMUSG00000027582	0.0203	0.1770	0.0267	0.1833	group
ENSMUSG00000036403	0.1439	0.1119	0.1570	0.1250	batch
ENSMUSG00000074170	0.0313	0.0173	0.0338	0.0198	batch
ENSMUSG00000099875	0.0001	0.0475	0.0003	0.0477	group
ENSMUSG00000031558	0.0118	0.0628	0.0104	0.0614	group
ENSMUSG00000006784	0.0285	0.1306	0.0283	0.1304	group
ENSMUSG00000075302	0.0032	0.0776	0.0026	0.0769	group
ENSMUSG00000032596	0.0066	0.0390	0.0084	0.0408	group
ENSMUSG00000022788	0.0982	0.0463	0.1035	0.0516	batch
ENSMUSG00000033981	0.2972	0.0428	0.3083	0.0538	batch
ENSMUSG00000052812	0.0467	0.1597	0.0560	0.1689	group
ENSMUSG00000042320	0.0245	0.1184	0.0303	0.1242	group
ENSMUSG00000005251	0.0009	0.1527	0.0007	0.1525	group
ENSMUSG00000026220	0.0236	0.0736	0.0268	0.0768	group
ENSMUSG00000107023	0.2182	0.0962	0.2323	0.1103	batch
ENSMUSG00000022894	0.0707	0.0508	0.0667	0.0468	batch
ENSMUSG00000042804	0.0066	0.0296	0.0069	0.0299	group
ENSMUSG00000044072	0.0354	0.0582	0.0311	0.0539	group
ENSMUSG00000115837	0.0526	0.0150	0.0557	0.0181	batch
ENSMUSG00000002980	0.0073	0.0166	0.0066	0.0159	group
ENSMUSG00000018372	0.0017	0.2595	0.0044	0.2621	group
ENSMUSG00000050896	0.6403	0.0102	0.6341	0.0039	batch
ENSMUSG00000028842	0.0907	0.2677	0.1075	0.2845	group
ENSMUSG00000104597	0.0096	0.0448	0.0119	0.0470	group
ENSMUSG00000048349	0.0005	0.1196	0.0017	0.1207	group
ENSMUSG00000027489	0.0389	0.0191	0.0398	0.0200	batch
ENSMUSG00000053877	0.1164	0.0602	0.1239	0.0677	batch
ENSMUSG00000031433	0.0431	0.0816	0.0495	0.0880	group
ENSMUSG00000039092	0.0178	0.0529	0.0191	0.0542	group
ENSMUSG00000064329	0.0971	0.0164	0.0977	0.0170	batch
ENSMUSG00000000682	0.0087	0.0210	0.0087	0.0211	group
ENSMUSG00000034810	0.0375	0.1219	0.0322	0.1166	group
ENSMUSG00000022076	0.0205	0.0591	0.0243	0.0629	group
ENSMUSG00000004561	0.0109	0.1009	0.0132	0.1032	group
ENSMUSG00000037995	0.0857	0.0065	0.0877	0.0085	batch
ENSMUSG00000032575	0.4573	0.0637	0.4435	0.0500	batch
ENSMUSG00000060090	0.0765	0.0118	0.0792	0.0145	batch
ENSMUSG00000030263	0.0013	0.0856	0.0014	0.0856	group
ENSMUSG00000118401	0.0260	0.0079	0.0251	0.0070	batch
ENSMUSG00000031709	0.0007	0.0223	0.0007	0.0223	group
ENSMUSG00000039109	0.0381	0.0537	0.0418	0.0574	group
ENSMUSG00000029122	0.0037	0.1498	0.0065	0.1527	group
ENSMUSG00000028661	0.0116	0.0022	0.0122	0.0028	batch
ENSMUSG00000001672	0.0379	0.0263	0.0405	0.0289	batch
ENSMUSG00000074939	0.0593	0.0188	0.0605	0.0200	batch
ENSMUSG00000026494	0.0849	0.0922	0.0763	0.0836	group
ENSMUSG00000015243	0.0527	0.0169	0.0558	0.0200	batch
ENSMUSG00000068114	0.0004	0.1833	0.0000	0.1829	group
ENSMUSG00000020431	0.0034	0.0130	0.0041	0.0137	group
ENSMUSG00000006611	0.0026	0.0339	0.0027	0.0339	group
ENSMUSG00000052837	0.0323	0.0163	0.0338	0.0178	batch
ENSMUSG00000046952	0.0000	0.0348	0.0003	0.0350	group
ENSMUSG00000040998	0.0019	0.0017	0.0020	0.0019	batch
ENSMUSG00000079884	0.4818	0.0039	0.4874	0.0094	batch
ENSMUSG00000002944	0.0141	0.0152	0.0127	0.0138	group
ENSMUSG00000027568	0.2431	0.0360	0.2357	0.0286	batch
ENSMUSG00000107997	0.0797	0.0868	0.0887	0.0958	group
ENSMUSG00000074283	0.0492	0.0397	0.0451	0.0357	batch
ENSMUSG00000043659	0.0156	0.0366	0.0133	0.0344	group
ENSMUSG00000046242	0.0368	0.0840	0.0374	0.0846	group
ENSMUSG00000034459	0.0062	0.0082	0.0061	0.0081	group
ENSMUSG00000092083	0.4326	0.0334	0.4445	0.0454	batch
ENSMUSG00000019935	0.0180	0.0142	0.0186	0.0147	batch
ENSMUSG00000068101	0.0026	0.1549	0.0045	0.1568	group
ENSMUSG00000036578	0.0911	0.0454	0.0854	0.0398	batch
ENSMUSG00000047671	0.0528	0.0518	0.0529	0.0519	batch
ENSMUSG00000041324	0.0822	0.0564	0.0877	0.0619	batch
ENSMUSG00000091845	0.1077	0.0310	0.1037	0.0270	batch
ENSMUSG00000055866	0.0988	0.1589	0.0878	0.1479	group
ENSMUSG00000031303	0.0373	0.0820	0.0428	0.0875	group
ENSMUSG00000090486	0.0311	0.1397	0.0378	0.1465	group
ENSMUSG00000073680	0.0572	0.0066	0.0554	0.0048	batch
ENSMUSG00000115160	0.4415	0.0466	0.4537	0.0587	batch
ENSMUSG00000039202	0.0161	0.0476	0.0173	0.0488	group
ENSMUSG00000005501	0.0220	0.2120	0.0289	0.2190	group
ENSMUSG00000032846	0.0011	0.1174	0.0003	0.1166	group
ENSMUSG00000068617	0.0027	0.0819	0.0029	0.0821	group
ENSMUSG00000105957	0.2460	0.0208	0.2431	0.0179	batch
ENSMUSG00000032579	0.0071	0.0414	0.0059	0.0402	group
ENSMUSG00000013766	0.1892	0.0993	0.1758	0.0860	batch
ENSMUSG00000042807	0.2412	0.0050	0.2389	0.0026	batch
ENSMUSG00000036181	0.4445	0.0327	0.4526	0.0408	batch
ENSMUSG00000055692	0.0086	0.0687	0.0075	0.0676	group
ENSMUSG00000032502	0.0272	0.0141	0.0275	0.0144	batch
ENSMUSG00000020701	0.0966	0.0614	0.0892	0.0539	batch
ENSMUSG00000002617	0.3480	0.0741	0.3656	0.0917	batch
ENSMUSG00000022311	0.0642	0.0026	0.0631	0.0015	batch
ENSMUSG00000102854	0.4710	0.0889	0.4925	0.1105	batch
ENSMUSG00000035370	0.0283	0.0475	0.0323	0.0515	group
ENSMUSG00000036499	0.2246	0.0593	0.2362	0.0710	batch
ENSMUSG00000033420	0.0127	0.0483	0.0118	0.0474	group
ENSMUSG00000045679	0.0632	0.1843	0.0747	0.1958	group
ENSMUSG00000107068	0.0062	0.1852	0.0094	0.1884	group
ENSMUSG00000105302	0.1659	0.0503	0.1637	0.0480	batch
ENSMUSG00000049555	0.0072	0.1986	0.0109	0.2023	group
ENSMUSG00000029641	0.3591	0.0111	0.3547	0.0067	batch
ENSMUSG00000062210	0.0000	0.0145	0.0000	0.0145	group
ENSMUSG00000032849	0.0062	0.0799	0.0042	0.0779	group
ENSMUSG00000040693	0.0824	0.0246	0.0871	0.0293	batch
ENSMUSG00000006342	0.0008	0.0278	0.0010	0.0280	group
ENSMUSG00000081735	0.5655	0.0148	0.5580	0.0072	batch
ENSMUSG00000082245	0.0473	0.0293	0.0438	0.0258	batch
ENSMUSG00000067869	0.1103	0.0152	0.1110	0.0159	batch
ENSMUSG00000025810	0.2059	0.0594	0.1955	0.0490	batch
ENSMUSG00000020686	0.0088	0.0865	0.0094	0.0871	group
ENSMUSG00000079017	0.0096	0.0794	0.0092	0.0790	group
ENSMUSG00000024483	0.1214	0.0960	0.1331	0.1077	batch
ENSMUSG00000073650	0.0024	0.2530	0.0030	0.2537	group
ENSMUSG00000016534	0.0199	0.0301	0.0206	0.0308	group
ENSMUSG00000046719	0.1436	0.0544	0.1350	0.0458	batch
ENSMUSG00000047767	0.0335	0.0576	0.0369	0.0609	group
ENSMUSG00000024421	0.2922	0.0363	0.2998	0.0438	batch
ENSMUSG00000022842	0.0638	0.1475	0.0730	0.1568	group
ENSMUSG00000040170	0.0153	0.0911	0.0155	0.0913	group
ENSMUSG00000024846	0.0006	0.0461	0.0002	0.0457	group
ENSMUSG00000109031	0.0059	0.0965	0.0086	0.0992	group
ENSMUSG00000023007	0.0963	0.0728	0.1035	0.0800	batch
ENSMUSG00000027215	0.1437	0.0424	0.1445	0.0432	batch
ENSMUSG00000103928	0.1466	0.1035	0.1585	0.1154	batch
ENSMUSG00000036196	0.1289	0.0021	0.1301	0.0032	batch
ENSMUSG00000024074	0.0191	0.0200	0.0206	0.0216	group
ENSMUSG00000095779	0.0977	0.0386	0.1044	0.0453	batch
ENSMUSG00000092574	0.0069	0.0112	0.0068	0.0112	group
ENSMUSG00000028011	0.0518	0.0008	0.0521	0.0012	batch
ENSMUSG00000102704	0.2135	0.0948	0.2257	0.1070	batch
ENSMUSG00000023868	0.0140	0.0795	0.0109	0.0764	group
ENSMUSG00000097277	0.0334	0.0704	0.0365	0.0734	group
ENSMUSG00000049414	0.0492	0.0206	0.0526	0.0240	batch
ENSMUSG00000097464	0.0996	0.0303	0.1010	0.0318	batch
ENSMUSG00000110540	0.0582	0.0806	0.0656	0.0880	group
ENSMUSG00000032878	0.0848	0.0313	0.0904	0.0369	batch
ENSMUSG00000039652	0.0065	0.0464	0.0084	0.0483	group
ENSMUSG00000076439	0.1116	0.0297	0.1162	0.0343	batch
ENSMUSG00000063605	0.0161	0.0443	0.0172	0.0454	group
ENSMUSG00000039405	0.4871	0.0462	0.4954	0.0546	batch
ENSMUSG00000099998	0.1738	0.0404	0.1660	0.0326	batch
ENSMUSG00000006403	0.0010	0.0147	0.0007	0.0144	group
ENSMUSG00000030109	0.0535	0.0489	0.0574	0.0529	batch
ENSMUSG00000021366	0.1865	0.0110	0.1889	0.0134	batch
ENSMUSG00000027962	0.0069	0.0150	0.0064	0.0145	group
ENSMUSG00000103749	0.0001	0.0212	0.0000	0.0211	group
ENSMUSG00000020475	0.0024	0.0474	0.0015	0.0465	group
ENSMUSG00000046618	0.1025	0.1238	0.1135	0.1348	group
ENSMUSG00000059493	0.3204	0.0047	0.3177	0.0021	batch
ENSMUSG00000073678	0.3225	0.0038	0.3266	0.0080	batch
ENSMUSG00000038776	0.0656	0.0275	0.0658	0.0277	batch
ENSMUSG00000022637	0.0044	0.0813	0.0061	0.0831	group
ENSMUSG00000078866	0.0818	0.0714	0.0755	0.0652	batch
ENSMUSG00000044022	0.0506	0.0044	0.0517	0.0055	batch
ENSMUSG00000055945	0.1554	0.0201	0.1616	0.0263	batch
ENSMUSG00000018589	0.1128	0.0824	0.1034	0.0730	batch
ENSMUSG00000016624	0.0042	0.0759	0.0053	0.0770	group
ENSMUSG00000028865	0.0021	0.0059	0.0024	0.0063	group
ENSMUSG00000097680	0.0258	0.1355	0.0319	0.1415	group
ENSMUSG00000025915	0.0061	0.0413	0.0075	0.0426	group
ENSMUSG00000021596	0.1262	0.0158	0.1306	0.0202	batch
ENSMUSG00000058873	0.0169	0.0208	0.0152	0.0191	group
ENSMUSG00000059866	0.0065	0.0772	0.0086	0.0793	group
ENSMUSG00000053560	0.1371	0.0276	0.1432	0.0338	batch
ENSMUSG00000025199	0.1337	0.1964	0.1508	0.2135	group
ENSMUSG00000086567	0.2760	0.0807	0.2882	0.0929	batch
ENSMUSG00000015337	0.6785	0.0290	0.6815	0.0320	batch
ENSMUSG00000026650	0.2009	0.0349	0.2032	0.0372	batch
ENSMUSG00000089774	0.0030	0.1218	0.0053	0.1240	group
ENSMUSG00000105892	0.0723	0.0607	0.0664	0.0548	batch
ENSMUSG00000020948	0.4869	0.0326	0.5008	0.0466	batch
ENSMUSG00000066613	0.1098	0.1396	0.1219	0.1517	group
ENSMUSG00000109905	0.4036	0.0466	0.4182	0.0613	batch
ENSMUSG00000081254	0.2391	0.0412	0.2381	0.0402	batch
ENSMUSG00000109372	0.1138	0.0085	0.1124	0.0071	batch
ENSMUSG00000024552	0.0047	0.1563	0.0066	0.1582	group
ENSMUSG00000094388	0.0293	0.0034	0.0285	0.0026	batch
ENSMUSG00000045954	0.2913	0.0111	0.2972	0.0169	batch
ENSMUSG00000094686	0.0226	0.0741	0.0195	0.0710	group
ENSMUSG00000096592	0.0291	0.0033	0.0283	0.0025	batch
ENSMUSG00000053925	0.0607	0.0948	0.0673	0.1014	group
ENSMUSG00000050623	0.0022	0.0648	0.0014	0.0639	group
ENSMUSG00000022999	0.0127	0.0472	0.0136	0.0481	group
ENSMUSG00000014786	0.1919	0.0258	0.1891	0.0230	batch
ENSMUSG00000091971	0.4060	0.0871	0.3885	0.0695	batch
ENSMUSG00000005373	0.0567	0.0926	0.0633	0.0992	group
ENSMUSG00000118217	0.0308	0.0012	0.0307	0.0011	batch
ENSMUSG00000046138	0.0220	0.0254	0.0245	0.0279	group
ENSMUSG00000100347	0.1575	0.0081	0.1563	0.0069	batch
ENSMUSG00000083111	0.0045	0.1027	0.0070	0.1051	group
ENSMUSG00000009097	0.0631	0.1855	0.0542	0.1766	group
ENSMUSG00000024548	0.0145	0.0484	0.0174	0.0513	group
ENSMUSG00000056854	0.0008	0.0030	0.0010	0.0032	group
ENSMUSG00000035722	0.0007	0.1968	0.0025	0.1986	group
ENSMUSG00000031706	0.1253	0.1377	0.1378	0.1502	group
ENSMUSG00000009216	0.2345	0.0102	0.2308	0.0065	batch
ENSMUSG00000049001	0.0014	0.0602	0.0018	0.0606	group
ENSMUSG00000041920	0.0025	0.0931	0.0038	0.0944	group
ENSMUSG00000032172	0.1274	0.0482	0.1203	0.0411	batch
ENSMUSG00000031665	0.0236	0.0785	0.0266	0.0814	group
ENSMUSG00000057933	0.0006	0.2415	0.0000	0.2409	group
ENSMUSG00000040721	0.1662	0.1196	0.1814	0.1349	batch
ENSMUSG00000090389	0.0068	0.0076	0.0074	0.0082	group
ENSMUSG00000021738	0.0555	0.2708	0.0687	0.2841	group
ENSMUSG00000057246	0.2213	0.0101	0.2256	0.0145	batch
ENSMUSG00000064351	0.4228	0.0437	0.4316	0.0524	batch
ENSMUSG00000078898	0.0255	0.1000	0.0309	0.1054	group
ENSMUSG00000105828	0.0040	0.0589	0.0047	0.0596	group
ENSMUSG00000016128	0.0235	0.0757	0.0196	0.0717	group
ENSMUSG00000056211	0.2332	0.0985	0.2477	0.1129	batch
ENSMUSG00000105340	0.1008	0.1183	0.1115	0.1291	group
ENSMUSG00002076083	0.0069	0.0896	0.0094	0.0921	group
ENSMUSG00000052479	0.3635	0.0077	0.3697	0.0139	batch
ENSMUSG00000021458	0.0033	0.0949	0.0018	0.0935	group
ENSMUSG00000054072	0.1168	0.0163	0.1215	0.0210	batch
ENSMUSG00000032593	0.0327	0.1231	0.0397	0.1300	group
ENSMUSG00000025498	0.0572	0.0049	0.0563	0.0040	batch
ENSMUSG00000022584	0.0044	0.2144	0.0040	0.2140	group
ENSMUSG00000061762	0.0004	0.1446	0.0000	0.1442	group
ENSMUSG00000042099	0.0623	0.2275	0.0696	0.2349	group
ENSMUSG00000108621	0.1876	0.1688	0.2069	0.1880	batch
ENSMUSG00000033386	0.0126	0.0521	0.0149	0.0544	group
ENSMUSG00000063626	0.2413	0.0322	0.2338	0.0247	batch
ENSMUSG00000097596	0.1479	0.0447	0.1544	0.0512	batch
ENSMUSG00000117613	0.0029	0.1113	0.0048	0.1132	group
ENSMUSG00000091421	0.1142	0.0019	0.1132	0.0009	batch
ENSMUSG00000029004	0.1351	0.0210	0.1405	0.0264	batch
ENSMUSG00000106855	0.2344	0.0182	0.2395	0.0233	batch
ENSMUSG00000047428	0.0158	0.0385	0.0181	0.0408	group
ENSMUSG00000018459	0.0447	0.1105	0.0479	0.1137	group
ENSMUSG00000032487	0.0053	0.0386	0.0067	0.0400	group
ENSMUSG00000089951	0.5522	0.0225	0.5650	0.0352	batch
ENSMUSG00000032595	0.0510	0.0484	0.0483	0.0457	batch
ENSMUSG00000038704	0.0022	0.2569	0.0006	0.2552	group
ENSMUSG00000055415	0.0143	0.0760	0.0139	0.0756	group
ENSMUSG00000029123	0.0955	0.0204	0.0921	0.0170	batch
ENSMUSG00000117548	0.0032	0.0255	0.0040	0.0263	group
ENSMUSG00000115406	0.0795	0.0398	0.0748	0.0352	batch
ENSMUSG00000032243	0.0628	0.0173	0.0611	0.0156	batch
ENSMUSG00000057894	0.2987	0.1765	0.3236	0.2014	batch
ENSMUSG00000086742	0.0261	0.0837	0.0271	0.0846	group
ENSMUSG00000046714	0.0582	0.0777	0.0622	0.0817	group
ENSMUSG00000022159	0.0281	0.0287	0.0295	0.0300	group
ENSMUSG00000002393	0.6955	0.0294	0.6954	0.0292	batch
ENSMUSG00000038695	0.0013	0.0581	0.0008	0.0576	group
ENSMUSG00000103310	0.0033	0.0123	0.0038	0.0128	group
ENSMUSG00000070471	0.1629	0.0068	0.1621	0.0059	batch
ENSMUSG00000083170	0.0554	0.0656	0.0617	0.0718	group
ENSMUSG00000028860	0.0111	0.0553	0.0100	0.0543	group
ENSMUSG00000107508	0.5134	0.0143	0.5060	0.0069	batch
ENSMUSG00000110620	0.1388	0.0238	0.1442	0.0292	batch
ENSMUSG00000105939	0.5659	0.0069	0.5636	0.0046	batch
ENSMUSG00000047216	0.0229	0.0315	0.0248	0.0333	group
ENSMUSG00000005886	0.0928	0.0288	0.0978	0.0337	batch
ENSMUSG00000038943	0.0361	0.1093	0.0385	0.1117	group
ENSMUSG00000047632	0.1026	0.0430	0.1065	0.0468	batch
ENSMUSG00000006362	0.0205	0.0711	0.0168	0.0674	group
ENSMUSG00000042816	0.1163	0.0574	0.1084	0.0496	batch
ENSMUSG00000019917	0.0013	0.0763	0.0012	0.0763	group
ENSMUSG00000048924	0.4434	0.0072	0.4504	0.0142	batch
ENSMUSG00000036880	0.1016	0.0506	0.1067	0.0556	batch
ENSMUSG00000054404	0.0140	0.2004	0.0195	0.2059	group
ENSMUSG00000098274	0.2815	0.0481	0.2941	0.0607	batch
ENSMUSG00000000125	0.0064	0.0222	0.0073	0.0231	group
ENSMUSG00000104546	0.0289	0.1300	0.0335	0.1346	group
ENSMUSG00000041849	0.0591	0.0364	0.0624	0.0397	batch
ENSMUSG00000036246	0.0244	0.1713	0.0292	0.1761	group
ENSMUSG00000051855	0.0069	0.0970	0.0062	0.0963	group
ENSMUSG00000047910	0.1408	0.0096	0.1448	0.0136	batch
ENSMUSG00000009376	0.0017	0.0349	0.0010	0.0342	group
ENSMUSG00000039233	0.0886	0.0603	0.0950	0.0668	batch
ENSMUSG00000039001	0.4698	0.0514	0.4851	0.0668	batch
ENSMUSG00000036095	0.0191	0.0539	0.0225	0.0572	group
ENSMUSG00000033253	0.0974	0.0685	0.1056	0.0767	batch
ENSMUSG00000064293	0.1260	0.0420	0.1201	0.0362	batch
ENSMUSG00000016942	0.0056	0.0047	0.0060	0.0051	batch
ENSMUSG00000113121	0.1440	0.0634	0.1381	0.0575	batch
ENSMUSG00000029754	0.0843	0.0766	0.0854	0.0777	batch
ENSMUSG00000026315	0.0304	0.0207	0.0312	0.0215	batch
ENSMUSG00000036097	0.0341	0.2171	0.0425	0.2255	group
ENSMUSG00000042564	0.1468	0.0960	0.1543	0.1035	batch
ENSMUSG00000026153	0.4204	0.0151	0.4288	0.0235	batch
ENSMUSG00000086067	0.1927	0.0469	0.2027	0.0569	batch
ENSMUSG00000063681	0.1386	0.0343	0.1320	0.0277	batch
ENSMUSG00000071679	0.1213	0.0390	0.1282	0.0459	batch
ENSMUSG00000008658	0.0003	0.0368	0.0007	0.0372	group
ENSMUSG00000084842	0.0583	0.0032	0.0571	0.0020	batch
ENSMUSG00000102748	0.0009	0.0193	0.0012	0.0195	group
ENSMUSG00000035293	0.2839	0.0922	0.3014	0.1097	batch
ENSMUSG00000043866	0.7991	0.0119	0.8089	0.0217	batch
ENSMUSG00000032766	0.3031	0.0043	0.3074	0.0087	batch
ENSMUSG00000029544	0.2248	0.0307	0.2193	0.0253	batch
ENSMUSG00000032556	0.1131	0.0622	0.1054	0.0545	batch
ENSMUSG00000057359	0.6625	0.0068	0.6711	0.0154	batch
ENSMUSG00000073530	0.2038	0.0035	0.2030	0.0027	batch
ENSMUSG00000019464	0.0303	0.0195	0.0329	0.0220	batch
ENSMUSG00000083033	0.4416	0.0208	0.4476	0.0269	batch
ENSMUSG00000018846	0.1150	0.0243	0.1208	0.0301	batch
ENSMUSG00000058396	0.0957	0.0404	0.1004	0.0451	batch
ENSMUSG00000001773	0.0817	0.0007	0.0816	0.0005	batch
ENSMUSG00000041736	0.0621	0.0410	0.0642	0.0432	batch
ENSMUSG00000018470	0.0000	0.0618	0.0000	0.0618	group
ENSMUSG00000063894	0.1317	0.0706	0.1419	0.0808	batch
ENSMUSG00000019846	0.2090	0.0143	0.2145	0.0197	batch
ENSMUSG00000028555	0.0038	0.1295	0.0056	0.1312	group
ENSMUSG00000102312	0.0142	0.0185	0.0156	0.0199	group
ENSMUSG00000031070	0.0088	0.0162	0.0094	0.0168	group
ENSMUSG00000086524	0.0258	0.0044	0.0248	0.0034	batch
ENSMUSG00000035131	0.1112	0.1807	0.0974	0.1669	group
ENSMUSG00000050919	0.1210	0.0890	0.1265	0.0946	batch
ENSMUSG00000022723	0.0211	0.1278	0.0162	0.1228	group
ENSMUSG00000049929	0.4066	0.0336	0.4150	0.0421	batch
ENSMUSG00000085084	0.6084	0.0007	0.6079	0.0002	batch
ENSMUSG00000050954	0.0104	0.0254	0.0119	0.0269	group
ENSMUSG00000070695	0.3688	0.0038	0.3727	0.0076	batch
ENSMUSG00000037400	0.2184	0.1095	0.2345	0.1256	batch
ENSMUSG00000041741	0.0017	0.0692	0.0019	0.0695	group
ENSMUSG00000106951	0.0508	0.1271	0.0431	0.1194	group
ENSMUSG00000097063	0.0110	0.0682	0.0136	0.0708	group
ENSMUSG00000033308	0.0717	0.0638	0.0657	0.0579	batch
ENSMUSG00000040212	0.0009	0.0495	0.0005	0.0491	group
ENSMUSG00000047604	0.6874	0.0150	0.6792	0.0069	batch
ENSMUSG00000003847	0.3030	0.1674	0.3271	0.1915	batch
ENSMUSG00000018166	0.0591	0.0069	0.0577	0.0056	batch
ENSMUSG00000117785	0.1727	0.0001	0.1730	0.0004	batch
ENSMUSG00000029797	0.0003	0.0738	0.0009	0.0743	group
ENSMUSG00000019791	0.0660	0.0402	0.0646	0.0388	batch
ENSMUSG00000092560	0.0278	0.0021	0.0284	0.0028	batch
ENSMUSG00000004698	0.2854	0.0111	0.2810	0.0067	batch
ENSMUSG00000042686	0.0259	0.0001	0.0258	0.0000	batch
ENSMUSG00000074818	0.1137	0.1278	0.1247	0.1388	group
ENSMUSG00000026712	0.0795	0.0417	0.0831	0.0453	batch
ENSMUSG00000046743	0.0192	0.0079	0.0200	0.0087	batch
ENSMUSG00000037992	0.1362	0.0154	0.1326	0.0118	batch
ENSMUSG00000015522	0.1173	0.1386	0.1306	0.1519	group
ENSMUSG00000064370	0.4382	0.0208	0.4436	0.0262	batch
ENSMUSG00000033082	0.0031	0.0683	0.0032	0.0684	group
ENSMUSG00000042106	0.2815	0.0186	0.2866	0.0237	batch
ENSMUSG00000046818	0.0015	0.0004	0.0014	0.0003	batch
ENSMUSG00000045036	0.0000	0.0383	0.0000	0.0383	group
ENSMUSG00000019775	0.5707	0.0038	0.5724	0.0055	batch
ENSMUSG00000058656	0.0944	0.0258	0.0997	0.0311	batch
ENSMUSG00000091415	0.0004	0.0979	0.0006	0.0981	group
ENSMUSG00000046101	0.0455	0.0430	0.0494	0.0469	batch
ENSMUSG00000010097	0.0343	0.1863	0.0422	0.1942	group
ENSMUSG00000014791	0.0477	0.1097	0.0537	0.1156	group
ENSMUSG00000014846	0.1895	0.0790	0.2027	0.0922	batch
ENSMUSG00000027953	0.0000	0.0462	0.0001	0.0464	group
ENSMUSG00000038168	0.0025	0.1322	0.0046	0.1343	group
ENSMUSG00000002325	0.0003	0.1229	0.0012	0.1238	group
ENSMUSG00000000838	0.6014	0.0132	0.6121	0.0238	batch
ENSMUSG00000029822	0.1427	0.1039	0.1551	0.1163	batch
ENSMUSG00000048251	0.1663	0.0259	0.1733	0.0330	batch
ENSMUSG00000021585	0.0973	0.0412	0.1023	0.0461	batch
ENSMUSG00000058246	0.0001	0.0410	0.0001	0.0410	group
ENSMUSG00000084071	0.0000	0.1119	0.0003	0.1122	group
ENSMUSG00000022220	0.0008	0.1542	0.0015	0.1549	group
ENSMUSG00000024122	0.0032	0.0118	0.0026	0.0112	group
ENSMUSG00000032688	0.1011	0.1155	0.1128	0.1272	group
ENSMUSG00000026349	0.1166	0.2325	0.1344	0.2503	group
ENSMUSG00000102051	0.0402	0.0714	0.0377	0.0688	group
ENSMUSG00000092278	0.0280	0.0006	0.0284	0.0010	batch
ENSMUSG00000031962	0.0734	0.0416	0.0760	0.0441	batch
ENSMUSG00000047213	0.5362	0.0382	0.5521	0.0542	batch
ENSMUSG00000028957	0.0626	0.1749	0.0542	0.1665	group
ENSMUSG00000055531	0.4170	0.1157	0.4406	0.1393	batch
ENSMUSG00000035284	0.0002	0.0993	0.0009	0.1001	group
ENSMUSG00000096215	0.0136	0.1002	0.0138	0.1004	group
ENSMUSG00000079260	0.0017	0.0045	0.0018	0.0045	group
ENSMUSG00000102211	0.0614	0.0329	0.0628	0.0343	batch
ENSMUSG00000027932	0.2595	0.0318	0.2510	0.0233	batch
ENSMUSG00000049164	0.2140	0.0107	0.2186	0.0153	batch
ENSMUSG00000029625	0.0599	0.0793	0.0670	0.0864	group
ENSMUSG00000033257	0.0078	0.2376	0.0040	0.2338	group
ENSMUSG00000028167	0.2272	0.1457	0.2405	0.1590	batch
ENSMUSG00000098120	0.0308	0.0132	0.0306	0.0130	batch
ENSMUSG00000031075	0.0594	0.0082	0.0613	0.0101	batch
ENSMUSG00000039391	0.0523	0.1254	0.0465	0.1195	group
ENSMUSG00000030276	0.0570	0.0685	0.0625	0.0741	group
ENSMUSG00000004952	0.0089	0.1155	0.0105	0.1171	group
ENSMUSG00000025870	0.2104	0.0132	0.2138	0.0166	batch
ENSMUSG00000072553	0.0081	0.1011	0.0070	0.1000	group
ENSMUSG00000063297	0.2010	0.0098	0.2035	0.0123	batch
ENSMUSG00000089767	0.1580	0.0324	0.1653	0.0396	batch
ENSMUSG00000032231	0.0974	0.0109	0.0947	0.0082	batch
ENSMUSG00000032489	0.0190	0.0890	0.0178	0.0879	group
ENSMUSG00000042810	0.1422	0.0604	0.1513	0.0695	batch
ENSMUSG00000048782	0.2759	0.1181	0.2780	0.1201	batch
ENSMUSG00000019890	0.0162	0.0372	0.0139	0.0349	group
ENSMUSG00000041660	0.1617	0.0453	0.1653	0.0489	batch
ENSMUSG00000091345	0.0072	0.0085	0.0067	0.0080	group
ENSMUSG00000052155	0.2009	0.0121	0.2058	0.0170	batch
ENSMUSG00000051920	0.1558	0.0530	0.1536	0.0508	batch
ENSMUSG00000021256	0.0543	0.0672	0.0603	0.0733	group
ENSMUSG00000091890	0.1706	0.0025	0.1709	0.0028	batch
ENSMUSG00000086606	0.1440	0.0248	0.1387	0.0195	batch
ENSMUSG00000019772	0.1396	0.0559	0.1312	0.0475	batch
ENSMUSG00000024087	0.0167	0.1612	0.0205	0.1649	group
ENSMUSG00000080078	0.0136	0.0376	0.0142	0.0381	group
ENSMUSG00000081242	0.0044	0.0786	0.0057	0.0799	group
ENSMUSG00000031004	0.0000	0.1317	0.0004	0.1321	group
ENSMUSG00000026516	0.1775	0.1698	0.1961	0.1884	batch
ENSMUSG00000019982	0.0003	0.0652	0.0005	0.0655	group
ENSMUSG00000032023	0.0052	0.2795	0.0043	0.2787	group
ENSMUSG00000042129	0.0323	0.0109	0.0306	0.0092	batch
ENSMUSG00000047686	0.0333	0.0293	0.0303	0.0263	batch
ENSMUSG00000083116	0.0186	0.0747	0.0158	0.0719	group
ENSMUSG00000097048	0.0001	0.1427	0.0007	0.1433	group
ENSMUSG00000054387	0.0985	0.1522	0.1103	0.1640	group
ENSMUSG00000031762	0.0747	0.1953	0.0877	0.2084	group
ENSMUSG00000022305	0.0121	0.0024	0.0126	0.0030	batch
ENSMUSG00000021133	0.0996	0.0226	0.0952	0.0182	batch
ENSMUSG00000102504	0.0083	0.0268	0.0099	0.0284	group
ENSMUSG00000035775	0.1821	0.0613	0.1834	0.0626	batch
ENSMUSG00000027875	0.0350	0.0591	0.0397	0.0638	group
ENSMUSG00000024287	0.1429	0.1949	0.1608	0.2128	group
ENSMUSG00000054855	0.0119	0.0454	0.0097	0.0433	group
ENSMUSG00000003418	0.0000	0.0019	0.0000	0.0019	group
ENSMUSG00000028268	0.0136	0.0252	0.0154	0.0270	group
ENSMUSG00000081281	0.7283	0.0471	0.7463	0.0650	batch
ENSMUSG00000105891	0.1050	0.0256	0.1084	0.0290	batch
ENSMUSG00000037336	0.0419	0.0782	0.0450	0.0813	group
ENSMUSG00000066892	0.0012	0.1110	0.0026	0.1124	group
ENSMUSG00000034098	0.0219	0.0536	0.0249	0.0566	group
ENSMUSG00000041845	0.0253	0.1359	0.0208	0.1314	group
ENSMUSG00000074235	0.1011	0.0084	0.1041	0.0115	batch
ENSMUSG00000034488	0.3426	0.0049	0.3447	0.0070	batch
ENSMUSG00000042453	0.2910	0.0157	0.2900	0.0148	batch
ENSMUSG00000062209	0.2789	0.0052	0.2834	0.0098	batch
ENSMUSG00000027204	0.0041	0.0784	0.0053	0.0796	group
ENSMUSG00000040740	0.0278	0.1628	0.0352	0.1702	group
ENSMUSG00000024887	0.0159	0.0532	0.0170	0.0543	group
ENSMUSG00000028476	0.1052	0.0784	0.1123	0.0856	batch
ENSMUSG00000062960	0.0233	0.0850	0.0195	0.0812	group
ENSMUSG00000019828	0.0000	0.0888	0.0001	0.0889	group
ENSMUSG00000037627	0.0008	0.1275	0.0004	0.1270	group
ENSMUSG00000026721	0.3673	0.0923	0.3864	0.1114	batch
ENSMUSG00000042834	0.0107	0.0032	0.0104	0.0030	batch
ENSMUSG00000060591	0.0256	0.0317	0.0265	0.0326	group
ENSMUSG00000059474	0.3738	0.1076	0.3941	0.1279	batch
ENSMUSG00000034384	0.0455	0.0796	0.0426	0.0768	group
ENSMUSG00000027245	0.2684	0.0799	0.2805	0.0920	batch
ENSMUSG00000066357	0.0031	0.0554	0.0043	0.0566	group
ENSMUSG00000020954	0.1388	0.0418	0.1321	0.0351	batch
ENSMUSG00000054667	0.1067	0.1393	0.1194	0.1520	group
ENSMUSG00000056999	0.0578	0.0170	0.0548	0.0139	batch
ENSMUSG00000073405	0.0061	0.0197	0.0054	0.0190	group
ENSMUSG00000047141	0.3350	0.0394	0.3466	0.0511	batch
ENSMUSG00000036676	0.0372	0.0494	0.0413	0.0535	group
ENSMUSG00000045259	0.0009	0.2193	0.0025	0.2209	group
ENSMUSG00000036634	0.0449	0.0064	0.0461	0.0075	batch
ENSMUSG00000033196	0.0666	0.0055	0.0653	0.0042	batch
ENSMUSG00000022550	0.0080	0.0790	0.0072	0.0782	group
ENSMUSG00000048502	0.2406	0.0118	0.2380	0.0093	batch
ENSMUSG00000042104	0.1734	0.1461	0.1885	0.1612	batch
ENSMUSG00000054752	0.4298	0.1632	0.4584	0.1919	batch
ENSMUSG00000037843	0.5459	0.0244	0.5591	0.0376	batch
ENSMUSG00000084858	0.0523	0.0803	0.0589	0.0869	group
ENSMUSG00000029265	0.1907	0.0090	0.1954	0.0137	batch
ENSMUSG00000097414	0.1895	0.0175	0.1854	0.0135	batch
ENSMUSG00000047485	0.0342	0.0174	0.0318	0.0151	batch
ENSMUSG00000039137	0.0691	0.0020	0.0681	0.0010	batch
ENSMUSG00000061882	0.0942	0.0624	0.1013	0.0695	batch
ENSMUSG00000034738	0.0537	0.0458	0.0540	0.0461	batch
ENSMUSG00000060032	0.6160	0.0372	0.6196	0.0407	batch
ENSMUSG00000081225	0.0637	0.0037	0.0624	0.0024	batch
ENSMUSG00000032060	0.3125	0.0150	0.3099	0.0123	batch
ENSMUSG00000103713	0.3940	0.0338	0.3844	0.0242	batch
ENSMUSG00000099553	0.0005	0.1105	0.0001	0.1102	group
ENSMUSG00000059022	0.0190	0.0261	0.0211	0.0282	group
ENSMUSG00000118671	0.0049	0.0986	0.0039	0.0976	group
ENSMUSG00000105594	0.0323	0.0656	0.0306	0.0639	group
ENSMUSG00000057706	0.1107	0.0043	0.1094	0.0030	batch
ENSMUSG00000037686	0.0017	0.0350	0.0024	0.0357	group
ENSMUSG00000001909	0.0063	0.0495	0.0075	0.0508	group
ENSMUSG00000063804	0.2714	0.1065	0.2748	0.1099	batch
ENSMUSG00000026972	0.0177	0.0468	0.0183	0.0475	group
ENSMUSG00000030688	0.0051	0.0230	0.0062	0.0241	group
ENSMUSG00000047759	0.2898	0.0759	0.2957	0.0818	batch
ENSMUSG00000109829	0.0658	0.1112	0.0733	0.1186	group
ENSMUSG00000070271	0.0238	0.1217	0.0297	0.1275	group
ENSMUSG00000111443	0.0749	0.0204	0.0791	0.0246	batch
ENSMUSG00000032680	0.0093	0.0319	0.0086	0.0311	group
ENSMUSG00000029714	0.1524	0.1503	0.1664	0.1643	batch
ENSMUSG00000029675	0.0523	0.1651	0.0607	0.1735	group
ENSMUSG00000010608	0.3914	0.0961	0.4118	0.1165	batch
ENSMUSG00000040584	0.0258	0.0614	0.0282	0.0639	group
ENSMUSG00000045875	0.0241	0.0134	0.0249	0.0142	batch
ENSMUSG00000081227	0.0607	0.0218	0.0622	0.0232	batch
ENSMUSG00000066705	0.0071	0.0602	0.0094	0.0625	group
ENSMUSG00000044164	0.2122	0.0859	0.1991	0.0728	batch
ENSMUSG00000039195	0.0269	0.0406	0.0239	0.0376	group
ENSMUSG00000025558	0.0658	0.0656	0.0596	0.0595	batch
ENSMUSG00000021549	0.0889	0.0144	0.0926	0.0180	batch
ENSMUSG00000026471	0.0061	0.1372	0.0074	0.1385	group
ENSMUSG00000086536	0.0268	0.0589	0.0310	0.0631	group
ENSMUSG00000025582	0.0567	0.0721	0.0505	0.0660	group
ENSMUSG00000021301	0.4372	0.0294	0.4483	0.0405	batch
ENSMUSG00000028952	0.0002	0.0153	0.0003	0.0154	group
ENSMUSG00000090778	0.0001	0.1226	0.0005	0.1229	group
ENSMUSG00000074575	0.0801	0.0183	0.0779	0.0160	batch
ENSMUSG00000097589	0.1314	0.0756	0.1407	0.0848	batch
ENSMUSG00000043881	0.2865	0.0033	0.2902	0.0070	batch
ENSMUSG00000029816	0.0029	0.0289	0.0039	0.0299	group
ENSMUSG00000060314	0.0044	0.0418	0.0058	0.0432	group
ENSMUSG00000030029	0.3201	0.0178	0.3243	0.0220	batch
ENSMUSG00000032346	0.0000	0.0466	0.0000	0.0466	group
ENSMUSG00000050912	0.0061	0.0678	0.0073	0.0690	group
ENSMUSG00000117284	0.3847	0.0802	0.4035	0.0989	batch
ENSMUSG00000024867	0.0507	0.0134	0.0487	0.0114	batch
ENSMUSG00000039620	0.0292	0.0625	0.0252	0.0585	group
ENSMUSG00000100837	0.0103	0.0119	0.0099	0.0115	group
ENSMUSG00000110027	0.1218	0.0141	0.1187	0.0110	batch
ENSMUSG00000113836	0.0129	0.0548	0.0154	0.0572	group
ENSMUSG00000045094	0.0321	0.0161	0.0336	0.0175	batch
ENSMUSG00000021134	0.1956	0.0395	0.2036	0.0474	batch
ENSMUSG00000032393	0.0080	0.0375	0.0064	0.0359	group
ENSMUSG00000042851	0.1982	0.0208	0.1927	0.0153	batch
ENSMUSG00000106237	0.0824	0.1126	0.0734	0.1036	group
ENSMUSG00000111374	0.3954	0.0151	0.3897	0.0094	batch
ENSMUSG00000026365	0.1061	0.0113	0.1089	0.0141	batch
ENSMUSG00000039307	0.0628	0.0338	0.0659	0.0369	batch
ENSMUSG00002075122	0.1561	0.0612	0.1665	0.0715	batch
ENSMUSG00000109904	0.0197	0.0464	0.0168	0.0435	group
ENSMUSG00002074878	0.1557	0.0603	0.1660	0.0706	batch
ENSMUSG00002075680	0.1557	0.0603	0.1660	0.0706	batch
ENSMUSG00000119232	0.1557	0.0603	0.1660	0.0706	batch
ENSMUSG00000026977	0.4452	0.0452	0.4609	0.0608	batch
ENSMUSG00000087467	0.0333	0.0188	0.0313	0.0168	batch
ENSMUSG00000112663	0.0751	0.0108	0.0754	0.0111	batch
ENSMUSG00000022178	0.0071	0.0174	0.0062	0.0165	group
ENSMUSG00000030699	0.0010	0.1766	0.0002	0.1758	group
ENSMUSG00000097183	0.0386	0.0016	0.0395	0.0024	batch
ENSMUSG00000073633	0.2565	0.0503	0.2669	0.0607	batch
ENSMUSG00000115637	0.1162	0.0262	0.1110	0.0210	batch
ENSMUSG00000006522	0.0852	0.0607	0.0928	0.0684	batch
ENSMUSG00000043668	0.2275	0.0734	0.2204	0.0664	batch
ENSMUSG00000116735	0.0750	0.1152	0.0822	0.1223	group
ENSMUSG00000114854	0.2219	0.1195	0.2266	0.1243	batch
ENSMUSG00000113184	0.0000	0.0277	0.0000	0.0277	group
ENSMUSG00000035105	0.0802	0.1057	0.0827	0.1082	group
ENSMUSG00000019836	0.1715	0.0117	0.1675	0.0077	batch
ENSMUSG00000082647	0.3359	0.1084	0.3503	0.1227	batch
ENSMUSG00000022358	0.0285	0.0005	0.0284	0.0004	batch
ENSMUSG00000059602	0.1282	0.0201	0.1302	0.0221	batch
ENSMUSG00000096753	0.0381	0.0248	0.0410	0.0277	batch
ENSMUSG00000101111	0.2709	0.0134	0.2779	0.0204	batch
ENSMUSG00000036555	0.1047	0.0801	0.1146	0.0899	batch
ENSMUSG00000085527	0.0904	0.0089	0.0931	0.0116	batch
ENSMUSG00000064358	0.2708	0.0134	0.2778	0.0204	batch
ENSMUSG00000094695	0.0888	0.0425	0.0925	0.0463	batch
ENSMUSG00000021709	0.0043	0.0378	0.0055	0.0390	group
ENSMUSG00000030307	0.0068	0.0416	0.0081	0.0429	group
ENSMUSG00000034664	0.0004	0.0254	0.0006	0.0256	group
ENSMUSG00000025815	0.3271	0.0527	0.3400	0.0657	batch
ENSMUSG00000028364	0.0543	0.0283	0.0514	0.0253	batch
ENSMUSG00000066197	0.0078	0.0283	0.0094	0.0298	group
ENSMUSG00000056492	0.0049	0.0952	0.0044	0.0947	group
ENSMUSG00000036391	0.5095	0.0356	0.5246	0.0508	batch
ENSMUSG00000032985	0.1404	0.0436	0.1373	0.0405	batch
ENSMUSG00000026200	0.0651	0.0581	0.0716	0.0646	batch
ENSMUSG00000100252	0.3086	0.0667	0.3150	0.0731	batch
ENSMUSG00000111844	0.0422	0.0565	0.0468	0.0610	group
ENSMUSG00000057110	0.1014	0.1321	0.1139	0.1446	group
ENSMUSG00000025969	0.0001	0.0178	0.0000	0.0177	group
ENSMUSG00000031760	0.4797	0.0313	0.4932	0.0449	batch
ENSMUSG00000030218	0.0856	0.0801	0.0934	0.0879	batch
ENSMUSG00000021613	0.2463	0.0412	0.2574	0.0523	batch
ENSMUSG00000114117	0.6885	0.0037	0.6931	0.0082	batch
ENSMUSG00000056004	0.1218	0.0043	0.1199	0.0024	batch
ENSMUSG00000043155	0.0371	0.0305	0.0406	0.0340	batch
ENSMUSG00000090063	0.0560	0.1103	0.0641	0.1184	group
ENSMUSG00000022383	0.0181	0.0335	0.0167	0.0320	group
ENSMUSG00000023051	0.0097	0.0439	0.0110	0.0452	group
ENSMUSG00000103897	0.0177	0.0099	0.0177	0.0100	batch
ENSMUSG00000103477	0.2721	0.1496	0.2838	0.1613	batch
ENSMUSG00000050533	0.0647	0.0069	0.0662	0.0083	batch
ENSMUSG00000044042	0.1221	0.0437	0.1293	0.0508	batch
ENSMUSG00000024298	0.1144	0.1591	0.1288	0.1734	group
ENSMUSG00000036510	0.0014	0.0426	0.0012	0.0425	group
ENSMUSG00000024211	0.1966	0.0071	0.1954	0.0059	batch
ENSMUSG00000022844	0.0004	0.0675	0.0010	0.0681	group
ENSMUSG00000046637	0.0184	0.1989	0.0218	0.2023	group
ENSMUSG00000028093	0.0016	0.1119	0.0032	0.1135	group
ENSMUSG00000042353	0.0072	0.0640	0.0075	0.0643	group
ENSMUSG00000035441	0.0010	0.0241	0.0007	0.0238	group
ENSMUSG00000026519	0.1318	0.0110	0.1283	0.0075	batch
ENSMUSG00000022386	0.0118	0.0363	0.0126	0.0372	group
ENSMUSG00000031382	0.1648	0.0199	0.1621	0.0172	batch
ENSMUSG00000045414	0.1286	0.0167	0.1290	0.0171	batch
ENSMUSG00000039963	0.0889	0.1103	0.0865	0.1078	group
ENSMUSG00000083465	0.0386	0.0699	0.0370	0.0683	group
ENSMUSG00000056342	0.0293	0.0579	0.0327	0.0613	group
ENSMUSG00000107145	0.0681	0.0482	0.0656	0.0457	batch
ENSMUSG00000032855	0.0014	0.1187	0.0030	0.1203	group
ENSMUSG00000020411	0.1035	0.0129	0.1040	0.0134	batch
ENSMUSG00000040648	0.3868	0.0243	0.3974	0.0350	batch
ENSMUSG00000052684	0.2419	0.0097	0.2383	0.0061	batch
ENSMUSG00000041012	0.0352	0.1220	0.0336	0.1205	group
ENSMUSG00000064368	0.2910	0.0374	0.2952	0.0416	batch
ENSMUSG00000020105	0.0353	0.0234	0.0380	0.0261	batch
ENSMUSG00000070436	0.2465	0.0793	0.2331	0.0659	batch
ENSMUSG00000068876	0.0012	0.0424	0.0019	0.0432	group
ENSMUSG00000021916	0.0005	0.1336	0.0000	0.1331	group
ENSMUSG00000040455	0.0489	0.0537	0.0534	0.0582	group
ENSMUSG00000045103	0.1686	0.0221	0.1751	0.0286	batch
ENSMUSG00000017897	0.0450	0.0021	0.0449	0.0020	batch
ENSMUSG00000035125	0.0163	0.0638	0.0198	0.0672	group
ENSMUSG00000086284	0.0007	0.0777	0.0007	0.0776	group
ENSMUSG00000023052	0.0360	0.1186	0.0431	0.1257	group
ENSMUSG00000018593	0.2075	0.0578	0.2191	0.0694	batch
ENSMUSG00000052188	0.0675	0.0249	0.0691	0.0266	batch
ENSMUSG00000028111	0.0566	0.0311	0.0541	0.0286	batch
ENSMUSG00000057335	0.0905	0.0257	0.0957	0.0309	batch
ENSMUSG00000042724	0.0186	0.0852	0.0211	0.0877	group
ENSMUSG00000051067	0.0258	0.0223	0.0235	0.0200	batch
ENSMUSG00000079018	0.0221	0.1607	0.0234	0.1619	group
ENSMUSG00000034401	0.0001	0.0391	0.0001	0.0391	group
ENSMUSG00000020189	0.4443	0.0503	0.4605	0.0665	batch
ENSMUSG00000031939	0.1178	0.0991	0.1295	0.1108	batch
ENSMUSG00000036760	0.2598	0.0703	0.2738	0.0844	batch
ENSMUSG00000020169	0.0000	0.0146	0.0001	0.0147	group
ENSMUSG00000027087	0.2280	0.0475	0.2299	0.0494	batch
ENSMUSG00000053113	0.1484	0.0590	0.1538	0.0643	batch
ENSMUSG00000045312	0.0920	0.0722	0.0848	0.0651	batch
ENSMUSG00000000088	0.6887	0.0175	0.6960	0.0249	batch
ENSMUSG00000073060	0.1934	0.0101	0.1984	0.0150	batch
ENSMUSG00000024598	0.0003	0.1691	0.0014	0.1702	group
ENSMUSG00000029373	0.0377	0.1394	0.0356	0.1373	group
ENSMUSG00000037994	0.1009	0.0627	0.1014	0.0632	batch
ENSMUSG00000045333	0.1241	0.0042	0.1265	0.0065	batch
ENSMUSG00000027715	0.1024	0.1369	0.1132	0.1477	group
ENSMUSG00000083283	0.0827	0.0884	0.0746	0.0803	group
ENSMUSG00000018199	0.4438	0.1298	0.4699	0.1559	batch
ENSMUSG00000046523	0.0002	0.0419	0.0005	0.0423	group
ENSMUSG00000026308	0.0410	0.1096	0.0464	0.1150	group
ENSMUSG00000025784	0.1496	0.0196	0.1446	0.0146	batch
ENSMUSG00000063488	0.0915	0.1581	0.1027	0.1692	group
ENSMUSG00000031605	0.0633	0.0201	0.0601	0.0168	batch
ENSMUSG00000104218	0.0434	0.0321	0.0429	0.0315	batch
ENSMUSG00000036256	0.0461	0.0151	0.0466	0.0155	batch
ENSMUSG00000090799	0.0991	0.0073	0.1014	0.0096	batch
ENSMUSG00000066720	0.0049	0.0577	0.0049	0.0577	group
ENSMUSG00000095139	0.3644	0.0433	0.3699	0.0487	batch
ENSMUSG00000024430	0.0491	0.0176	0.0521	0.0206	batch
ENSMUSG00000002324	0.0008	0.0185	0.0004	0.0182	group
ENSMUSG00000059647	0.2164	0.0020	0.2161	0.0017	batch
ENSMUSG00000034686	0.6359	0.0332	0.6485	0.0457	batch
ENSMUSG00000027864	0.1250	0.0205	0.1299	0.0255	batch
ENSMUSG00000070583	0.1375	0.0402	0.1303	0.0331	batch
ENSMUSG00000026840	0.0070	0.2625	0.0111	0.2666	group
ENSMUSG00000019726	0.0137	0.0643	0.0110	0.0616	group
ENSMUSG00000084094	0.0104	0.0663	0.0104	0.0663	group
ENSMUSG00000031293	0.0070	0.0746	0.0090	0.0766	group
ENSMUSG00000030889	0.0228	0.1214	0.0259	0.1245	group
ENSMUSG00000050721	0.1296	0.0182	0.1275	0.0161	batch
ENSMUSG00000103901	0.3601	0.1296	0.3769	0.1465	batch
ENSMUSG00000111291	0.0753	0.1287	0.0846	0.1380	group
ENSMUSG00000085939	0.3554	0.0126	0.3633	0.0205	batch
ENSMUSG00000026117	0.2855	0.0690	0.2724	0.0560	batch
ENSMUSG00000040310	0.1640	0.0698	0.1757	0.0814	batch
ENSMUSG00000050138	0.6063	0.0061	0.6030	0.0028	batch
ENSMUSG00000028073	0.0387	0.0238	0.0385	0.0237	batch
ENSMUSG00000020477	0.7345	0.0220	0.7447	0.0322	batch
ENSMUSG00000043004	0.0297	0.0152	0.0279	0.0135	batch
ENSMUSG00000003184	0.0285	0.1452	0.0229	0.1396	group
ENSMUSG00000028978	0.0141	0.1198	0.0156	0.1213	group
ENSMUSG00000093908	0.0406	0.0840	0.0468	0.0902	group
ENSMUSG00000020412	0.0123	0.1762	0.0176	0.1815	group
ENSMUSG00000075569	0.1142	0.0295	0.1172	0.0325	batch
ENSMUSG00000020994	0.1750	0.1181	0.1901	0.1332	batch
ENSMUSG00000026301	0.0057	0.0968	0.0056	0.0966	group
ENSMUSG00000107815	0.0770	0.0228	0.0807	0.0264	batch
ENSMUSG00000046834	0.0880	0.0633	0.0958	0.0711	batch
ENSMUSG00000106694	0.0008	0.0770	0.0019	0.0780	group
ENSMUSG00000034765	0.0847	0.0136	0.0816	0.0105	batch
ENSMUSG00000032285	0.3332	0.0286	0.3241	0.0195	batch
ENSMUSG00000027188	0.0190	0.0187	0.0172	0.0169	batch
ENSMUSG00000091511	0.0008	0.0159	0.0012	0.0163	group
ENSMUSG00000041444	0.3127	0.0025	0.3130	0.0027	batch
ENSMUSG00000046886	0.0213	0.0313	0.0228	0.0329	group
ENSMUSG00000094955	0.0216	0.1330	0.0167	0.1281	group
ENSMUSG00000118171	0.0000	0.1582	0.0001	0.1583	group
ENSMUSG00000082128	0.3485	0.0883	0.3632	0.1030	batch
ENSMUSG00000118202	0.5553	0.0356	0.5714	0.0517	batch
ENSMUSG00000029359	0.4057	0.0052	0.4039	0.0033	batch
ENSMUSG00000039234	0.0013	0.0494	0.0019	0.0500	group
ENSMUSG00000055725	0.0352	0.0794	0.0303	0.0745	group
ENSMUSG00000047259	0.1510	0.0293	0.1527	0.0310	batch
ENSMUSG00000082988	0.0466	0.0672	0.0448	0.0655	group
ENSMUSG00000082160	0.1737	0.0086	0.1713	0.0061	batch
ENSMUSG00000025860	0.0421	0.0238	0.0452	0.0269	batch
ENSMUSG00000028378	0.0718	0.0493	0.0669	0.0444	batch
ENSMUSG00000006345	0.0415	0.0437	0.0374	0.0396	group
ENSMUSG00000104148	0.0384	0.0208	0.0411	0.0235	batch
ENSMUSG00000038260	0.0542	0.0072	0.0547	0.0077	batch
ENSMUSG00000021728	0.0034	0.1100	0.0040	0.1105	group
ENSMUSG00000100281	0.0433	0.1485	0.0519	0.1571	group
ENSMUSG00000038473	0.0037	0.1113	0.0060	0.1136	group
ENSMUSG00000038235	0.0398	0.0438	0.0372	0.0412	group
ENSMUSG00000036570	0.0734	0.0363	0.0785	0.0414	batch
ENSMUSG00000064325	0.0006	0.0769	0.0001	0.0764	group
ENSMUSG00000000530	0.0043	0.0646	0.0037	0.0640	group
ENSMUSG00000087314	0.0589	0.0695	0.0652	0.0758	group
ENSMUSG00000083325	0.2391	0.0182	0.2353	0.0145	batch
ENSMUSG00000015112	0.0256	0.0281	0.0232	0.0256	group
ENSMUSG00000097296	0.0335	0.0825	0.0382	0.0872	group
ENSMUSG00000043833	0.0708	0.0097	0.0734	0.0122	batch
ENSMUSG00000029638	0.2277	0.0188	0.2222	0.0134	batch
ENSMUSG00000022715	0.2147	0.0690	0.2031	0.0575	batch
ENSMUSG00000005672	0.1422	0.0422	0.1363	0.0363	batch
ENSMUSG00000050994	0.0032	0.2615	0.0020	0.2604	group
ENSMUSG00000054453	0.0071	0.0024	0.0070	0.0023	batch
ENSMUSG00000000058	0.3996	0.0070	0.3953	0.0027	batch
ENSMUSG00000039904	0.0287	0.0208	0.0297	0.0218	batch
ENSMUSG00000028979	0.1578	0.0795	0.1654	0.0870	batch
ENSMUSG00000068615	0.0436	0.0458	0.0400	0.0421	group
ENSMUSG00000040254	0.2132	0.0563	0.2249	0.0680	batch
ENSMUSG00000067594	0.0014	0.0149	0.0019	0.0154	group
ENSMUSG00000026418	0.0010	0.1084	0.0002	0.1076	group
ENSMUSG00000033717	0.0295	0.0328	0.0329	0.0361	group
ENSMUSG00000056296	0.0104	0.0308	0.0121	0.0325	group
ENSMUSG00000037010	0.1031	0.0716	0.0954	0.0639	batch
ENSMUSG00000082394	0.0010	0.0153	0.0009	0.0152	group
ENSMUSG00000040836	0.0908	0.0654	0.0834	0.0580	batch
ENSMUSG00000027015	0.1655	0.0083	0.1696	0.0124	batch
ENSMUSG00000004151	0.3644	0.0108	0.3703	0.0167	batch
ENSMUSG00000066196	0.0039	0.0472	0.0036	0.0469	group
ENSMUSG00000026546	0.0283	0.0791	0.0286	0.0795	group
ENSMUSG00000081683	0.0873	0.0124	0.0844	0.0096	batch
ENSMUSG00000035095	0.0177	0.0172	0.0161	0.0156	batch
ENSMUSG00000010825	0.0397	0.0336	0.0421	0.0360	batch
ENSMUSG00000101335	0.1474	0.0532	0.1513	0.0572	batch
ENSMUSG00000026679	0.0106	0.0851	0.0120	0.0865	group
ENSMUSG00000030711	0.0634	0.0355	0.0684	0.0404	batch
ENSMUSG00000054146	0.1841	0.0496	0.1846	0.0500	batch
ENSMUSG00000018068	0.0179	0.0716	0.0218	0.0754	group
ENSMUSG00000113237	0.4829	0.0235	0.4742	0.0149	batch
ENSMUSG00000101462	0.1449	0.0396	0.1523	0.0471	batch
ENSMUSG00000110523	0.0078	0.0490	0.0099	0.0511	group
ENSMUSG00000115852	0.0767	0.0028	0.0781	0.0042	batch
ENSMUSG00000026674	0.0060	0.1584	0.0093	0.1618	group
ENSMUSG00000060795	0.0771	0.0041	0.0763	0.0033	batch
ENSMUSG00000029254	0.4877	0.0138	0.4960	0.0221	batch
ENSMUSG00000028211	0.2959	0.0493	0.3079	0.0613	batch
ENSMUSG00000044548	0.0922	0.0447	0.0919	0.0444	batch
ENSMUSG00000029595	0.0239	0.0588	0.0273	0.0622	group
ENSMUSG00000028607	0.0638	0.0506	0.0689	0.0557	batch
ENSMUSG00000017418	0.0050	0.0864	0.0074	0.0888	group
ENSMUSG00000025366	0.0184	0.0508	0.0206	0.0530	group
ENSMUSG00000044456	0.0001	0.2639	0.0006	0.2645	group
ENSMUSG00000000708	0.1165	0.0338	0.1104	0.0277	batch
ENSMUSG00000070891	0.0152	0.0555	0.0181	0.0584	group
ENSMUSG00000118550	0.0277	0.0558	0.0319	0.0601	group
ENSMUSG00000038060	0.0274	0.1084	0.0310	0.1120	group
ENSMUSG00000038658	0.0882	0.1525	0.1008	0.1651	group
ENSMUSG00000056153	0.3572	0.0590	0.3731	0.0749	batch
ENSMUSG00000070315	0.0862	0.0306	0.0916	0.0360	batch
ENSMUSG00000103707	0.0180	0.0635	0.0182	0.0637	group
ENSMUSG00000073987	0.1328	0.0125	0.1337	0.0134	batch
ENSMUSG00000051251	0.0015	0.0179	0.0021	0.0185	group
ENSMUSG00000106498	0.2839	0.0267	0.2785	0.0213	batch
ENSMUSG00000026841	0.2887	0.0250	0.2835	0.0198	batch
ENSMUSG00000071226	0.0693	0.1264	0.0611	0.1181	group
ENSMUSG00000031431	0.2406	0.0393	0.2397	0.0385	batch
ENSMUSG00000071714	0.0006	0.1712	0.0020	0.1726	group
ENSMUSG00000064288	0.0382	0.0774	0.0440	0.0833	group
ENSMUSG00000048424	0.1034	0.0172	0.1055	0.0193	batch
ENSMUSG00000071103	0.1545	0.0670	0.1639	0.0764	batch
ENSMUSG00000051650	0.6271	0.0029	0.6293	0.0051	batch
ENSMUSG00000039720	0.0214	0.1739	0.0225	0.1749	group
ENSMUSG00000079942	0.0768	0.0688	0.0824	0.0744	batch
ENSMUSG00000037892	0.0555	0.1173	0.0479	0.1098	group
ENSMUSG00000034297	0.4884	0.0700	0.5088	0.0904	batch
ENSMUSG00000022292	0.1288	0.0072	0.1294	0.0078	batch
ENSMUSG00000030867	0.0145	0.2587	0.0095	0.2538	group
ENSMUSG00000000037	0.0463	0.0408	0.0421	0.0366	batch
ENSMUSG00000054737	0.3375	0.0821	0.3554	0.1000	batch
ENSMUSG00000030730	0.0028	0.0107	0.0031	0.0110	group
ENSMUSG00000032735	0.0117	0.1483	0.0140	0.1506	group
ENSMUSG00000038594	0.2390	0.0121	0.2452	0.0183	batch
ENSMUSG00000025202	0.0765	0.0156	0.0735	0.0126	batch
ENSMUSG00000032491	0.0008	0.1543	0.0001	0.1536	group
ENSMUSG00000027994	0.0766	0.0282	0.0723	0.0240	batch
ENSMUSG00000021904	0.0053	0.1467	0.0058	0.1472	group
ENSMUSG00000015702	0.0349	0.0920	0.0393	0.0965	group
ENSMUSG00000026728	0.1906	0.0027	0.1896	0.0017	batch
ENSMUSG00000079022	0.0682	0.0664	0.0699	0.0681	batch
ENSMUSG00000086040	0.0074	0.0228	0.0086	0.0239	group
ENSMUSG00000021413	0.2547	0.1746	0.2765	0.1964	batch
ENSMUSG00000019883	0.2842	0.0299	0.2863	0.0320	batch
ENSMUSG00000049176	0.0002	0.0527	0.0000	0.0525	group
ENSMUSG00000033910	0.1373	0.0123	0.1334	0.0084	batch
ENSMUSG00000104572	0.0088	0.0407	0.0108	0.0427	group
ENSMUSG00000031202	0.5632	0.0248	0.5711	0.0327	batch
ENSMUSG00000041915	0.0036	0.0096	0.0042	0.0101	group
ENSMUSG00000052906	0.8376	0.0063	0.8324	0.0010	batch
ENSMUSG00000102440	0.0056	0.0292	0.0065	0.0301	group
ENSMUSG00000043556	0.0742	0.0458	0.0686	0.0403	batch
ENSMUSG00000052920	0.0888	0.0327	0.0936	0.0375	batch
ENSMUSG00000087644	0.3030	0.0719	0.3192	0.0882	batch
ENSMUSG00000097772	0.1281	0.0485	0.1367	0.0571	batch
ENSMUSG00000058806	0.1260	0.0025	0.1260	0.0025	batch
ENSMUSG00000026875	0.0653	0.0348	0.0626	0.0321	batch
ENSMUSG00000036949	0.1136	0.0115	0.1174	0.0153	batch
ENSMUSG00000050141	0.0057	0.0908	0.0066	0.0916	group
ENSMUSG00000118603	0.0640	0.0179	0.0673	0.0212	batch
ENSMUSG00000036111	0.5170	0.0031	0.5189	0.0049	batch
ENSMUSG00000010529	0.1915	0.0956	0.1783	0.0824	batch
ENSMUSG00000085772	0.0001	0.0962	0.0001	0.0962	group
ENSMUSG00000022548	0.0914	0.0384	0.0966	0.0435	batch
ENSMUSG00000060961	0.0081	0.0272	0.0074	0.0265	group
ENSMUSG00000044201	0.0512	0.0212	0.0510	0.0210	batch
ENSMUSG00000029659	0.0361	0.0458	0.0399	0.0497	group
ENSMUSG00000066245	0.0070	0.0512	0.0053	0.0494	group
ENSMUSG00000109509	0.5236	0.0045	0.5291	0.0100	batch
ENSMUSG00000034161	0.0699	0.0432	0.0646	0.0379	batch
ENSMUSG00000028382	0.2771	0.1085	0.2944	0.1258	batch
ENSMUSG00000039410	0.0006	0.0638	0.0003	0.0636	group
ENSMUSG00000050022	0.0003	0.0009	0.0003	0.0009	group
ENSMUSG00000006457	0.2568	0.0753	0.2452	0.0636	batch
ENSMUSG00000031273	0.0063	0.1177	0.0093	0.1207	group
ENSMUSG00000087042	0.0269	0.1292	0.0334	0.1357	group
ENSMUSG00000002059	0.0132	0.0383	0.0147	0.0397	group
ENSMUSG00000107462	0.4127	0.0662	0.4298	0.0834	batch
ENSMUSG00000113637	0.1981	0.0030	0.1991	0.0040	batch
ENSMUSG00000033220	0.0295	0.0333	0.0313	0.0352	group
ENSMUSG00000082028	0.0338	0.0330	0.0314	0.0306	batch
ENSMUSG00000027936	0.0809	0.1227	0.0904	0.1322	group
ENSMUSG00000064061	0.3137	0.0418	0.3240	0.0521	batch
ENSMUSG00000027589	0.6059	0.0475	0.6241	0.0657	batch
ENSMUSG00000068079	0.5367	0.0111	0.5345	0.0088	batch
ENSMUSG00000056553	0.0018	0.0466	0.0022	0.0471	group
ENSMUSG00000038702	0.2205	0.0396	0.2280	0.0470	batch
ENSMUSG00000067189	0.0448	0.0009	0.0446	0.0007	batch
ENSMUSG00000078896	0.1515	0.0857	0.1637	0.0979	batch
ENSMUSG00000030761	0.0018	0.0454	0.0020	0.0456	group
ENSMUSG00000063171	0.0354	0.1051	0.0418	0.1114	group
ENSMUSG00000030137	0.0378	0.1610	0.0304	0.1536	group
ENSMUSG00000047161	0.0186	0.0388	0.0192	0.0394	group
ENSMUSG00000003477	0.2954	0.0130	0.2964	0.0141	batch
ENSMUSG00000043165	0.4158	0.0667	0.4146	0.0656	batch
ENSMUSG00000049076	0.0494	0.1746	0.0585	0.1837	group
ENSMUSG00000040564	0.0017	0.0383	0.0018	0.0384	group
ENSMUSG00000051278	0.0781	0.1744	0.0880	0.1844	group
ENSMUSG00000040189	0.0454	0.0514	0.0452	0.0513	group
ENSMUSG00000032796	0.0018	0.1290	0.0008	0.1281	group
ENSMUSG00000035847	0.4808	0.0009	0.4836	0.0037	batch
ENSMUSG00000022783	0.0533	0.0515	0.0501	0.0483	batch
ENSMUSG00000037808	0.4579	0.0233	0.4622	0.0275	batch
ENSMUSG00000039634	0.0378	0.0519	0.0388	0.0528	group
ENSMUSG00000039747	0.0293	0.0206	0.0270	0.0183	batch
ENSMUSG00000111254	0.0429	0.0388	0.0468	0.0427	batch
ENSMUSG00000051606	0.0209	0.1332	0.0183	0.1306	group
ENSMUSG00000027386	0.0751	0.0057	0.0748	0.0054	batch
ENSMUSG00000035407	0.0001	0.0468	0.0000	0.0468	group
ENSMUSG00000115569	0.0010	0.0091	0.0012	0.0093	group
ENSMUSG00000031893	0.0115	0.0355	0.0106	0.0347	group
ENSMUSG00000045868	0.1619	0.1905	0.1791	0.2077	group
ENSMUSG00000046593	0.0588	0.0486	0.0556	0.0454	batch
ENSMUSG00000070737	0.0259	0.0362	0.0282	0.0385	group
ENSMUSG00000006262	0.3593	0.0271	0.3704	0.0382	batch
ENSMUSG00000052512	0.1989	0.1261	0.2147	0.1418	batch
ENSMUSG00000097061	0.2594	0.0098	0.2561	0.0065	batch
ENSMUSG00000039488	0.0002	0.0739	0.0000	0.0738	group
ENSMUSG00000057751	0.0621	0.0019	0.0612	0.0010	batch
ENSMUSG00000107810	0.0000	0.0861	0.0000	0.0862	group
ENSMUSG00000091556	0.0457	0.0493	0.0427	0.0463	group
ENSMUSG00000022515	0.0018	0.0910	0.0008	0.0899	group
ENSMUSG00000026259	0.0662	0.0225	0.0630	0.0194	batch
ENSMUSG00000081695	0.3496	0.0891	0.3647	0.1042	batch
ENSMUSG00000028369	0.0011	0.0419	0.0019	0.0427	group
ENSMUSG00000063108	0.1334	0.0818	0.1442	0.0926	batch
ENSMUSG00000030406	0.1528	0.1693	0.1658	0.1823	group
ENSMUSG00000018334	0.0666	0.0948	0.0591	0.0873	group
ENSMUSG00000085340	0.3890	0.0892	0.4037	0.1039	batch
ENSMUSG00000031925	0.0003	0.1604	0.0011	0.1612	group
ENSMUSG00000029149	0.0092	0.1830	0.0136	0.1874	group
ENSMUSG00000087211	0.1139	0.0050	0.1142	0.0054	batch
ENSMUSG00000056708	0.0851	0.0015	0.0856	0.0021	batch
ENSMUSG00000026269	0.0073	0.0348	0.0089	0.0364	group
ENSMUSG00000030669	0.0190	0.1876	0.0256	0.1942	group
ENSMUSG00000106990	0.0569	0.1790	0.0666	0.1887	group
ENSMUSG00000035595	0.0407	0.0442	0.0411	0.0446	group
ENSMUSG00000022704	0.0597	0.1189	0.0677	0.1270	group
ENSMUSG00000032308	0.2115	0.0225	0.2180	0.0290	batch
ENSMUSG00000058979	0.0077	0.0928	0.0104	0.0955	group
ENSMUSG00000032580	0.0631	0.1154	0.0713	0.1236	group
ENSMUSG00000026784	0.0923	0.0051	0.0932	0.0060	batch
ENSMUSG00000004891	0.0239	0.1415	0.0196	0.1372	group
ENSMUSG00000023755	0.0591	0.0192	0.0616	0.0217	batch
ENSMUSG00000090015	0.1127	0.1379	0.1244	0.1496	group
ENSMUSG00000029090	0.0567	0.0714	0.0572	0.0718	group
ENSMUSG00000042436	0.0122	0.0013	0.0121	0.0011	batch
ENSMUSG00000059857	0.0613	0.0087	0.0597	0.0072	batch
ENSMUSG00000050195	0.1077	0.0128	0.1049	0.0100	batch
ENSMUSG00000082724	0.0091	0.0711	0.0118	0.0738	group
ENSMUSG00000024076	0.4117	0.0005	0.4130	0.0018	batch
ENSMUSG00000051111	0.0048	0.0531	0.0065	0.0548	group
ENSMUSG00000034160	0.1031	0.1493	0.1161	0.1623	group
ENSMUSG00000090761	0.0171	0.0204	0.0186	0.0219	group
ENSMUSG00000006369	0.1225	0.0278	0.1283	0.0335	batch
ENSMUSG00000045034	0.1574	0.0936	0.1519	0.0882	batch
ENSMUSG00000082860	0.1092	0.0406	0.1141	0.0455	batch
ENSMUSG00000033730	0.2221	0.0321	0.2310	0.0411	batch
ENSMUSG00000093625	0.1159	0.0759	0.1088	0.0688	batch
ENSMUSG00000040752	0.0002	0.0065	0.0003	0.0066	group
ENSMUSG00000061393	0.0019	0.1694	0.0043	0.1717	group
ENSMUSG00000042460	0.3095	0.0097	0.3153	0.0155	batch
ENSMUSG00000097974	0.0999	0.0020	0.1002	0.0023	batch
ENSMUSG00000045767	0.1122	0.0201	0.1158	0.0237	batch
ENSMUSG00000019312	0.0460	0.0142	0.0452	0.0133	batch
ENSMUSG00000041481	0.1548	0.0617	0.1570	0.0639	batch
ENSMUSG00000049470	0.0006	0.0531	0.0002	0.0527	group
ENSMUSG00000045193	0.1564	0.0561	0.1474	0.0471	batch
ENSMUSG00000099354	0.0003	0.0485	0.0007	0.0489	group
ENSMUSG00000115205	0.3700	0.0605	0.3796	0.0701	batch
ENSMUSG00000097657	0.1230	0.0063	0.1215	0.0047	batch
ENSMUSG00000092242	0.0071	0.0727	0.0089	0.0745	group
ENSMUSG00000027030	0.0210	0.0892	0.0209	0.0891	group
ENSMUSG00000058620	0.0161	0.0083	0.0169	0.0092	batch
ENSMUSG00000018634	0.0682	0.0406	0.0719	0.0443	batch
ENSMUSG00000057280	0.0004	0.1073	0.0002	0.1071	group
ENSMUSG00000029032	0.0015	0.0009	0.0015	0.0009	batch
ENSMUSG00000113109	0.2158	0.0094	0.2202	0.0138	batch
ENSMUSG00000009470	0.1520	0.0957	0.1651	0.1088	batch
ENSMUSG00000102117	0.4098	0.0473	0.4225	0.0600	batch
ENSMUSG00000041577	0.0404	0.0382	0.0403	0.0380	batch
ENSMUSG00000046314	0.0674	0.0585	0.0725	0.0636	batch
ENSMUSG00000107944	0.0474	0.0365	0.0519	0.0410	batch
ENSMUSG00000111348	0.0045	0.0523	0.0032	0.0510	group
ENSMUSG00000044067	0.0601	0.0194	0.0618	0.0211	batch
ENSMUSG00000036782	0.0081	0.0431	0.0064	0.0414	group
ENSMUSG00000108402	0.0783	0.0472	0.0846	0.0535	batch
ENSMUSG00000043410	0.1840	0.0403	0.1925	0.0488	batch
ENSMUSG00000052504	0.1628	0.0530	0.1725	0.0628	batch
ENSMUSG00000020961	0.0013	0.0498	0.0007	0.0491	group
ENSMUSG00000117333	0.0205	0.0974	0.0251	0.1020	group
ENSMUSG00000071547	0.1274	0.0697	0.1337	0.0760	batch
ENSMUSG00000050321	0.0300	0.0932	0.0353	0.0984	group
ENSMUSG00000024601	0.0031	0.0532	0.0034	0.0535	group
ENSMUSG00000100706	0.2556	0.1179	0.2710	0.1332	batch
ENSMUSG00000034903	0.0891	0.0101	0.0924	0.0134	batch
ENSMUSG00000040620	0.0005	0.0545	0.0001	0.0542	group
ENSMUSG00000070047	0.0007	0.0549	0.0003	0.0545	group
ENSMUSG00000060224	0.0422	0.1032	0.0473	0.1082	group
ENSMUSG00000087178	0.0003	0.0032	0.0003	0.0033	group
ENSMUSG00000110447	0.0237	0.0392	0.0268	0.0423	group
ENSMUSG00000000916	0.0052	0.1923	0.0084	0.1955	group
ENSMUSG00000024873	0.6150	0.0041	0.6207	0.0097	batch
ENSMUSG00000102692	0.0150	0.0016	0.0148	0.0014	batch
ENSMUSG00000097944	0.0981	0.0336	0.1042	0.0398	batch
ENSMUSG00000116243	0.1327	0.0987	0.1219	0.0879	batch
ENSMUSG00000104212	0.0492	0.1880	0.0434	0.1822	group
ENSMUSG00000096401	0.0137	0.0568	0.0168	0.0598	group
ENSMUSG00000085782	0.1434	0.0387	0.1496	0.0450	batch
ENSMUSG00000037605	0.0017	0.0151	0.0020	0.0154	group
ENSMUSG00000024900	0.0254	0.0153	0.0268	0.0167	batch
ENSMUSG00000056648	0.0269	0.0640	0.0229	0.0600	group
ENSMUSG00000062284	0.0012	0.0748	0.0024	0.0759	group
ENSMUSG00000033177	0.0798	0.0147	0.0768	0.0117	batch
ENSMUSG00000037148	0.0808	0.0397	0.0795	0.0385	batch
ENSMUSG00000048379	0.4376	0.0360	0.4515	0.0499	batch
ENSMUSG00000038756	0.0053	0.0432	0.0070	0.0448	group
ENSMUSG00000101209	0.3348	0.0108	0.3416	0.0176	batch
ENSMUSG00000024764	0.2565	0.0422	0.2655	0.0512	batch
ENSMUSG00000060019	0.2098	0.1203	0.2243	0.1349	batch
ENSMUSG00000074968	0.1545	0.0513	0.1641	0.0608	batch
ENSMUSG00000048347	0.1624	0.0123	0.1667	0.0167	batch
ENSMUSG00000054204	0.2821	0.0259	0.2751	0.0189	batch
ENSMUSG00000037568	0.1362	0.0205	0.1322	0.0165	batch
ENSMUSG00000022197	0.0025	0.0061	0.0029	0.0065	group
ENSMUSG00000078234	0.0001	0.0267	0.0001	0.0266	group
ENSMUSG00000039782	0.1597	0.0246	0.1666	0.0316	batch
ENSMUSG00000095334	0.0961	0.1614	0.0841	0.1494	group
ENSMUSG00000024325	0.0890	0.0564	0.0955	0.0628	batch
ENSMUSG00000028832	0.0034	0.0470	0.0046	0.0482	group
ENSMUSG00000039242	0.1718	0.0870	0.1830	0.0981	batch
ENSMUSG00000045318	0.6889	0.0055	0.6895	0.0062	batch
ENSMUSG00000102496	0.5891	0.0027	0.5946	0.0082	batch
ENSMUSG00000109555	0.0836	0.0066	0.0847	0.0078	batch
ENSMUSG00000056752	0.0157	0.0904	0.0135	0.0883	group
ENSMUSG00000031026	0.1629	0.0112	0.1663	0.0146	batch
ENSMUSG00000032125	0.0913	0.1000	0.0997	0.1085	group
ENSMUSG00000030055	0.2043	0.1412	0.1926	0.1295	batch
ENSMUSG00000116903	0.0000	0.0789	0.0000	0.0789	group
ENSMUSG00000020053	0.4739	0.1026	0.4938	0.1225	batch
ENSMUSG00000115518	0.0255	0.2099	0.0324	0.2168	group
ENSMUSG00000061099	0.1790	0.0259	0.1855	0.0324	batch
ENSMUSG00000024565	0.0010	0.1410	0.0015	0.1415	group
ENSMUSG00000072774	0.0428	0.2315	0.0399	0.2287	group
ENSMUSG00000113340	0.5176	0.0908	0.5345	0.1076	batch
ENSMUSG00000026928	0.0552	0.0686	0.0617	0.0751	group
ENSMUSG00000028906	0.0388	0.0691	0.0436	0.0739	group
ENSMUSG00000036422	0.0161	0.0003	0.0161	0.0003	batch
ENSMUSG00000002289	0.0032	0.0735	0.0046	0.0750	group
ENSMUSG00000103567	0.0202	0.0012	0.0207	0.0017	batch
ENSMUSG00000035686	0.5522	0.0206	0.5645	0.0328	batch
ENSMUSG00000025666	0.3809	0.0222	0.3913	0.0326	batch
ENSMUSG00000103255	0.0129	0.0838	0.0119	0.0828	group
ENSMUSG00000066189	0.2744	0.0163	0.2684	0.0103	batch
ENSMUSG00000104868	0.0906	0.0349	0.0926	0.0369	batch
ENSMUSG00000025241	0.0884	0.0791	0.0973	0.0880	batch
ENSMUSG00000116679	0.0213	0.0236	0.0193	0.0217	group
ENSMUSG00000098097	0.0237	0.0514	0.0233	0.0511	group
ENSMUSG00000029161	0.0277	0.1312	0.0337	0.1373	group
ENSMUSG00000045382	0.1681	0.0196	0.1648	0.0163	batch
ENSMUSG00000030452	0.0452	0.0192	0.0439	0.0179	batch
ENSMUSG00000028654	0.0501	0.0015	0.0504	0.0019	batch
ENSMUSG00000085006	0.0093	0.0549	0.0097	0.0554	group
ENSMUSG00000000787	0.1442	0.0379	0.1505	0.0442	batch
ENSMUSG00000104093	0.0150	0.0140	0.0166	0.0155	batch
ENSMUSG00000028195	0.1284	0.0011	0.1294	0.0020	batch
ENSMUSG00000097577	0.0717	0.1332	0.0777	0.1391	group
ENSMUSG00000060639	0.1828	0.0236	0.1899	0.0307	batch
ENSMUSG00000070282	0.1476	0.0319	0.1466	0.0309	batch
ENSMUSG00000020484	0.3860	0.0711	0.3715	0.0567	batch
ENSMUSG00000026807	0.0000	0.1329	0.0000	0.1330	group
ENSMUSG00000031024	0.0259	0.2719	0.0180	0.2641	group
ENSMUSG00000034560	0.0026	0.0527	0.0038	0.0540	group
ENSMUSG00000046761	0.3621	0.0215	0.3625	0.0219	batch
ENSMUSG00000013367	0.2058	0.0135	0.2111	0.0189	batch
ENSMUSG00000068674	0.2908	0.0534	0.3030	0.0656	batch
ENSMUSG00000041633	0.0042	0.0557	0.0028	0.0543	group
ENSMUSG00000040987	0.0053	0.0391	0.0066	0.0403	group
ENSMUSG00000102411	0.1306	0.0920	0.1418	0.1032	batch
ENSMUSG00000081416	0.5144	0.0056	0.5170	0.0082	batch
ENSMUSG00000059423	0.3175	0.1622	0.3410	0.1857	batch
ENSMUSG00000028402	0.0132	0.0390	0.0113	0.0371	group
ENSMUSG00000023966	0.1417	0.0680	0.1515	0.0778	batch
ENSMUSG00000089993	0.3496	0.0901	0.3682	0.1087	batch
ENSMUSG00000030306	0.0063	0.0470	0.0074	0.0481	group
ENSMUSG00000025038	0.0255	0.2026	0.0215	0.1987	group
ENSMUSG00000118033	0.7086	0.0049	0.7089	0.0051	batch
ENSMUSG00000043029	0.1372	0.0235	0.1404	0.0267	batch
ENSMUSG00000038930	0.0282	0.1002	0.0334	0.1054	group
ENSMUSG00000078915	0.1030	0.1072	0.0971	0.1014	group
ENSMUSG00000027340	0.0762	0.0137	0.0764	0.0139	batch
ENSMUSG00000026655	0.0537	0.0467	0.0515	0.0445	batch
ENSMUSG00000021866	0.0355	0.0099	0.0376	0.0119	batch
ENSMUSG00000004366	0.3430	0.0631	0.3592	0.0793	batch
ENSMUSG00000032776	0.0674	0.0157	0.0674	0.0157	batch
ENSMUSG00000082776	0.0064	0.0134	0.0074	0.0143	group
ENSMUSG00000036990	0.1973	0.0569	0.2089	0.0685	batch
ENSMUSG00000083563	0.3139	0.0338	0.3186	0.0385	batch
ENSMUSG00000032175	0.0255	0.1141	0.0307	0.1192	group
ENSMUSG00000029716	0.0149	0.0141	0.0161	0.0153	batch
ENSMUSG00000075437	0.1445	0.0249	0.1477	0.0281	batch
ENSMUSG00000048280	0.5353	0.0416	0.5460	0.0524	batch
ENSMUSG00000038195	0.0000	0.1684	0.0001	0.1684	group
ENSMUSG00000024769	0.0076	0.0752	0.0099	0.0775	group
ENSMUSG00000038056	0.0356	0.1327	0.0428	0.1399	group
ENSMUSG00000032135	0.0093	0.0098	0.0097	0.0102	group
ENSMUSG00000031343	0.0504	0.0242	0.0472	0.0210	batch
ENSMUSG00000071042	0.0023	0.1192	0.0042	0.1210	group
ENSMUSG00000018126	0.1643	0.0711	0.1541	0.0609	batch
ENSMUSG00000066438	0.0074	0.0027	0.0075	0.0029	batch
ENSMUSG00000030607	0.0020	0.0704	0.0021	0.0706	group
ENSMUSG00000097960	0.0266	0.0487	0.0305	0.0526	group
ENSMUSG00000027569	0.0358	0.1932	0.0450	0.2024	group
ENSMUSG00000059203	0.1396	0.0698	0.1314	0.0616	batch
ENSMUSG00000058006	0.0510	0.1388	0.0597	0.1474	group
ENSMUSG00000033054	0.1803	0.0490	0.1757	0.0444	batch
ENSMUSG00000058152	0.0426	0.0256	0.0399	0.0229	batch
ENSMUSG00000073643	0.2591	0.1418	0.2777	0.1603	batch
ENSMUSG00000042312	0.3504	0.0351	0.3628	0.0474	batch
ENSMUSG00000041272	0.1422	0.0665	0.1330	0.0573	batch
ENSMUSG00000048834	0.1031	0.0013	0.1036	0.0018	batch
ENSMUSG00000044288	0.0249	0.0430	0.0272	0.0453	group
ENSMUSG00000103947	0.3229	0.0024	0.3240	0.0035	batch
ENSMUSG00000020695	0.0712	0.0720	0.0761	0.0769	group
ENSMUSG00000075600	0.1002	0.0746	0.1091	0.0834	batch
ENSMUSG00000035067	0.0016	0.0560	0.0026	0.0570	group
ENSMUSG00000047712	0.0294	0.0112	0.0290	0.0109	batch
ENSMUSG00000062627	0.3193	0.0450	0.3304	0.0561	batch
ENSMUSG00000020216	0.0214	0.0807	0.0177	0.0769	group
ENSMUSG00000110618	0.1657	0.0801	0.1766	0.0910	batch
ENSMUSG00000051727	0.0713	0.0298	0.0739	0.0324	batch
ENSMUSG00000046167	0.0291	0.0891	0.0256	0.0856	group
ENSMUSG00000035456	0.0606	0.0294	0.0567	0.0255	batch
ENSMUSG00000036501	0.0759	0.0353	0.0713	0.0307	batch
ENSMUSG00000107272	0.0035	0.0344	0.0041	0.0350	group
ENSMUSG00000087413	0.0076	0.0842	0.0066	0.0832	group
ENSMUSG00000052133	0.0236	0.0725	0.0272	0.0762	group
ENSMUSG00000021186	0.0297	0.0291	0.0270	0.0265	batch
ENSMUSG00000025898	0.0986	0.0336	0.0954	0.0303	batch
ENSMUSG00000090946	0.0525	0.0364	0.0487	0.0325	batch
ENSMUSG00000028028	0.0019	0.0845	0.0034	0.0861	group
ENSMUSG00000118220	0.6714	0.0190	0.6796	0.0272	batch
ENSMUSG00000055480	0.0265	0.0210	0.0278	0.0224	batch
ENSMUSG00000047591	0.1607	0.0539	0.1575	0.0506	batch
ENSMUSG00000022577	0.1535	0.0440	0.1621	0.0526	batch
ENSMUSG00000025780	0.0027	0.0346	0.0035	0.0354	group
ENSMUSG00000066113	0.0361	0.0387	0.0329	0.0355	group
ENSMUSG00000113188	0.1794	0.0156	0.1777	0.0140	batch
ENSMUSG00000020077	0.0575	0.1107	0.0605	0.1137	group
ENSMUSG00000085829	0.2487	0.1341	0.2363	0.1216	batch
ENSMUSG00000039358	0.1120	0.0213	0.1074	0.0167	batch
ENSMUSG00000078137	0.0344	0.0132	0.0354	0.0142	batch
ENSMUSG00000078129	0.0770	0.0720	0.0838	0.0787	batch
ENSMUSG00000091956	0.4317	0.0063	0.4292	0.0038	batch
ENSMUSG00000091636	0.2287	0.0006	0.2282	0.0000	batch
ENSMUSG00000036800	0.2059	0.0867	0.2199	0.1007	batch
ENSMUSG00000022342	0.4267	0.0188	0.4271	0.0192	batch
ENSMUSG00000003452	0.5132	0.0784	0.5349	0.1001	batch
ENSMUSG00000027559	0.0048	0.0913	0.0033	0.0898	group
ENSMUSG00000103144	0.0036	0.0265	0.0047	0.0276	group
ENSMUSG00000083287	0.1274	0.0274	0.1226	0.0227	batch
ENSMUSG00000018076	0.0703	0.0798	0.0782	0.0878	group
ENSMUSG00000030157	0.0417	0.1950	0.0386	0.1919	group
ENSMUSG00000110841	0.3182	0.0744	0.3351	0.0913	batch
ENSMUSG00000096014	0.1047	0.0204	0.1033	0.0190	batch
ENSMUSG00000079495	0.0784	0.0402	0.0730	0.0347	batch
ENSMUSG00000070407	0.1670	0.0177	0.1667	0.0174	batch
ENSMUSG00000025020	0.0513	0.0700	0.0455	0.0641	group
ENSMUSG00000030048	0.0336	0.0073	0.0328	0.0065	batch
ENSMUSG00000028655	0.0279	0.1287	0.0316	0.1324	group
ENSMUSG00000115222	0.1488	0.0648	0.1550	0.0710	batch
ENSMUSG00000104923	0.4408	0.0062	0.4436	0.0090	batch
ENSMUSG00000045005	0.0351	0.0227	0.0323	0.0200	batch
ENSMUSG00000016252	0.3669	0.0599	0.3823	0.0754	batch
ENSMUSG00000098090	0.4783	0.0510	0.4952	0.0679	batch
ENSMUSG00000018698	0.0651	0.0336	0.0697	0.0382	batch
ENSMUSG00000113288	0.5168	0.0279	0.5299	0.0410	batch
ENSMUSG00000008384	0.0249	0.0330	0.0271	0.0352	group
ENSMUSG00000111272	0.0075	0.0372	0.0086	0.0382	group
ENSMUSG00000028414	0.0262	0.1546	0.0203	0.1487	group
ENSMUSG00000009075	0.3147	0.0103	0.3102	0.0057	batch
ENSMUSG00000019945	0.1580	0.0839	0.1502	0.0761	batch
ENSMUSG00000028825	0.0648	0.0477	0.0631	0.0460	batch
ENSMUSG00000089706	0.2745	0.0001	0.2748	0.0004	batch
ENSMUSG00000024232	0.1903	0.0041	0.1896	0.0034	batch
ENSMUSG00000019789	0.0006	0.0477	0.0009	0.0480	group
ENSMUSG00000071862	0.2243	0.0120	0.2270	0.0147	batch
ENSMUSG00000007872	0.5569	0.0300	0.5605	0.0336	batch
ENSMUSG00000031521	0.0932	0.0416	0.0997	0.0481	batch
ENSMUSG00000002489	0.0458	0.0086	0.0464	0.0092	batch
ENSMUSG00000060096	0.1979	0.0065	0.1951	0.0037	batch
ENSMUSG00000017861	0.0000	0.1200	0.0002	0.1202	group
ENSMUSG00000059810	0.0151	0.0008	0.0149	0.0007	batch
ENSMUSG00000114493	0.1516	0.0476	0.1605	0.0565	batch
ENSMUSG00000118506	0.0375	0.0710	0.0431	0.0766	group
ENSMUSG00000039480	0.0179	0.0609	0.0200	0.0629	group
ENSMUSG00000040520	0.0368	0.0212	0.0368	0.0212	batch
ENSMUSG00000004609	0.4460	0.0187	0.4560	0.0287	batch
ENSMUSG00000037254	0.0016	0.0503	0.0016	0.0503	group
ENSMUSG00000050310	0.0645	0.0635	0.0714	0.0704	batch
ENSMUSG00000032578	0.0656	0.0343	0.0644	0.0331	batch
ENSMUSG00000023994	0.0744	0.1244	0.0652	0.1152	group
ENSMUSG00000045210	0.4602	0.0234	0.4693	0.0325	batch
ENSMUSG00000018476	0.0958	0.1486	0.1075	0.1603	group
ENSMUSG00000029414	0.0002	0.1350	0.0003	0.1351	group
ENSMUSG00000032271	0.0397	0.0095	0.0418	0.0116	batch
ENSMUSG00000028007	0.0312	0.0134	0.0333	0.0154	batch
ENSMUSG00000029428	0.0138	0.0926	0.0162	0.0951	group
ENSMUSG00000025358	0.1546	0.0416	0.1505	0.0375	batch
ENSMUSG00000029178	0.0095	0.1029	0.0130	0.1064	group
ENSMUSG00000093507	0.0008	0.1292	0.0002	0.1285	group
ENSMUSG00000025909	0.0261	0.0378	0.0261	0.0379	group
ENSMUSG00000081394	0.2133	0.0547	0.2251	0.0665	batch
ENSMUSG00000019916	0.4151	0.1157	0.3947	0.0954	batch
ENSMUSG00000059835	0.3846	0.0727	0.3999	0.0880	batch
ENSMUSG00000073460	0.0411	0.0341	0.0451	0.0381	batch
ENSMUSG00000082179	0.1533	0.0940	0.1499	0.0906	batch
ENSMUSG00000027435	0.0261	0.0548	0.0279	0.0566	group
ENSMUSG00000060371	0.0526	0.0421	0.0546	0.0441	batch
ENSMUSG00000030759	0.4801	0.0812	0.5014	0.1025	batch
ENSMUSG00000031362	0.0990	0.0083	0.0990	0.0084	batch
ENSMUSG00000083798	0.0325	0.0301	0.0326	0.0302	batch
ENSMUSG00000104662	0.0012	0.0580	0.0021	0.0589	group
ENSMUSG00000002020	0.0090	0.1051	0.0066	0.1028	group
ENSMUSG00000097231	0.0382	0.0817	0.0434	0.0870	group
ENSMUSG00000040473	0.1689	0.1733	0.1872	0.1916	group
ENSMUSG00000074591	0.0083	0.2415	0.0044	0.2375	group
ENSMUSG00000115730	0.1556	0.0044	0.1534	0.0022	batch
ENSMUSG00000060534	0.1156	0.0360	0.1213	0.0417	batch
ENSMUSG00000116090	0.1974	0.0092	0.1937	0.0055	batch
ENSMUSG00000089633	0.0982	0.0896	0.0901	0.0815	batch
ENSMUSG00000026814	0.0015	0.2009	0.0008	0.2001	group
ENSMUSG00000042540	0.4082	0.0029	0.4110	0.0057	batch
ENSMUSG00000004552	0.0334	0.0712	0.0313	0.0691	group
ENSMUSG00000040253	0.2825	0.0397	0.2926	0.0498	batch
ENSMUSG00000034832	0.1435	0.1441	0.1581	0.1587	group
ENSMUSG00000067336	0.4199	0.0589	0.4374	0.0764	batch
ENSMUSG00000109228	0.0066	0.2033	0.0052	0.2019	group
ENSMUSG00000028689	0.0430	0.0486	0.0463	0.0519	group
ENSMUSG00000024227	0.0046	0.0538	0.0055	0.0547	group
ENSMUSG00000050222	0.5130	0.0046	0.5189	0.0105	batch
ENSMUSG00000021327	0.0158	0.1488	0.0208	0.1538	group
ENSMUSG00000051323	0.0038	0.0215	0.0047	0.0225	group
ENSMUSG00000042489	0.1702	0.0056	0.1677	0.0031	batch
ENSMUSG00000023921	0.1490	0.0166	0.1532	0.0207	batch
ENSMUSG00000021203	0.1635	0.0986	0.1513	0.0864	batch
ENSMUSG00000005968	0.1515	0.0909	0.1451	0.0844	batch
ENSMUSG00000039851	0.0396	0.0511	0.0422	0.0537	group
ENSMUSG00000039062	0.0158	0.0295	0.0180	0.0317	group
ENSMUSG00000042073	0.0676	0.0833	0.0750	0.0907	group
ENSMUSG00000092202	0.1137	0.0542	0.1146	0.0551	batch
ENSMUSG00000040524	0.0211	0.0843	0.0253	0.0885	group
ENSMUSG00000070469	0.0347	0.0391	0.0381	0.0425	group
ENSMUSG00000053461	0.0119	0.0708	0.0150	0.0739	group
ENSMUSG00000035314	0.3295	0.0869	0.3322	0.0895	batch
ENSMUSG00000040339	0.0651	0.0256	0.0678	0.0282	batch
ENSMUSG00000052192	0.1108	0.0115	0.1105	0.0113	batch
ENSMUSG00000032842	0.1057	0.0725	0.1146	0.0815	batch
ENSMUSG00000114688	0.6819	0.0412	0.7010	0.0603	batch
ENSMUSG00000052407	0.0843	0.0237	0.0888	0.0282	batch
ENSMUSG00000049122	0.3619	0.0172	0.3597	0.0150	batch
ENSMUSG00000030022	0.0071	0.2201	0.0037	0.2167	group
ENSMUSG00000020893	0.0717	0.0129	0.0743	0.0155	batch
ENSMUSG00000087479	0.1128	0.0883	0.1188	0.0943	batch
ENSMUSG00000038679	0.0757	0.1440	0.0858	0.1541	group
ENSMUSG00000073705	0.1256	0.0201	0.1302	0.0248	batch
ENSMUSG00000046182	0.1141	0.0184	0.1109	0.0153	batch
ENSMUSG00000079363	0.1596	0.0812	0.1641	0.0858	batch
ENSMUSG00000105787	0.4933	0.0241	0.5058	0.0366	batch
ENSMUSG00000030717	0.0037	0.0428	0.0035	0.0426	group
ENSMUSG00000039728	0.0431	0.0285	0.0460	0.0314	batch
ENSMUSG00000063531	0.0014	0.0524	0.0007	0.0518	group
ENSMUSG00000056763	0.1317	0.2274	0.1500	0.2457	group
ENSMUSG00000063558	0.0152	0.0960	0.0122	0.0930	group
ENSMUSG00000029366	0.0292	0.0122	0.0283	0.0114	batch
ENSMUSG00000027878	0.0022	0.0944	0.0010	0.0931	group
ENSMUSG00000030703	0.0833	0.1395	0.0948	0.1510	group
ENSMUSG00000073478	0.0243	0.0006	0.0244	0.0007	batch
ENSMUSG00000022090	0.2409	0.0400	0.2498	0.0489	batch
ENSMUSG00000035992	0.2412	0.0178	0.2486	0.0252	batch
ENSMUSG00000031465	0.0492	0.0333	0.0528	0.0369	batch
ENSMUSG00000090958	0.0088	0.0969	0.0069	0.0949	group
ENSMUSG00000024990	0.0039	0.1178	0.0020	0.1160	group
ENSMUSG00000033767	0.0134	0.0729	0.0164	0.0758	group
ENSMUSG00000044772	0.0847	0.2212	0.0849	0.2214	group
ENSMUSG00000031927	0.0041	0.1197	0.0044	0.1200	group
ENSMUSG00000036057	0.1355	0.1338	0.1485	0.1468	batch
ENSMUSG00000056158	0.2931	0.0229	0.2863	0.0161	batch
ENSMUSG00000027007	0.0754	0.0374	0.0720	0.0341	batch
ENSMUSG00000026790	0.0913	0.0776	0.0984	0.0848	batch
ENSMUSG00000044726	0.0162	0.0371	0.0145	0.0353	group
ENSMUSG00000043541	0.0838	0.0154	0.0838	0.0154	batch
ENSMUSG00000023025	0.2030	0.0173	0.2090	0.0233	batch
ENSMUSG00000025584	0.1035	0.0276	0.1022	0.0264	batch
ENSMUSG00000031530	0.1003	0.0363	0.0948	0.0308	batch
ENSMUSG00000023009	0.1535	0.0456	0.1609	0.0529	batch
ENSMUSG00000052609	0.0340	0.0428	0.0313	0.0401	group
ENSMUSG00000006386	0.0032	0.0574	0.0035	0.0578	group
ENSMUSG00000021217	0.1680	0.0131	0.1659	0.0109	batch
ENSMUSG00000054150	0.0421	0.0663	0.0435	0.0677	group
ENSMUSG00000037940	0.1104	0.0167	0.1141	0.0203	batch
ENSMUSG00000078117	0.1760	0.0059	0.1779	0.0078	batch
ENSMUSG00000002266	0.0475	0.0534	0.0520	0.0578	group
ENSMUSG00000027577	0.1507	0.0139	0.1464	0.0097	batch
ENSMUSG00000028463	0.0043	0.0848	0.0044	0.0850	group
ENSMUSG00000020717	0.0055	0.1201	0.0056	0.1203	group
ENSMUSG00000105928	0.1623	0.0216	0.1567	0.0160	batch
ENSMUSG00000002825	0.0016	0.0354	0.0010	0.0347	group
ENSMUSG00000020000	0.0038	0.0765	0.0023	0.0750	group
ENSMUSG00000041112	0.1074	0.0873	0.0981	0.0780	batch
ENSMUSG00000038349	0.0321	0.0330	0.0289	0.0298	group
ENSMUSG00000052581	0.6095	0.0107	0.6030	0.0042	batch
ENSMUSG00000046096	0.2445	0.0183	0.2517	0.0256	batch
ENSMUSG00000034570	0.0827	0.1988	0.0923	0.2084	group
ENSMUSG00000034974	0.5949	0.0277	0.5947	0.0275	batch
ENSMUSG00000084459	0.0846	0.0409	0.0788	0.0352	batch
ENSMUSG00000042225	0.3364	0.1092	0.3380	0.1108	batch
ENSMUSG00000040479	0.0236	0.0100	0.0253	0.0117	batch
ENSMUSG00000078905	0.0112	0.0245	0.0104	0.0237	group
ENSMUSG00000031644	0.2284	0.1207	0.2458	0.1381	batch
ENSMUSG00000017491	0.0409	0.0048	0.0425	0.0064	batch
ENSMUSG00000110928	0.0784	0.0449	0.0732	0.0397	batch
ENSMUSG00000006471	0.0787	0.0698	0.0864	0.0775	batch
ENSMUSG00000057816	0.0743	0.0864	0.0811	0.0932	group
ENSMUSG00000102543	0.0169	0.0223	0.0181	0.0234	group
ENSMUSG00000038126	0.0925	0.1452	0.1033	0.1560	group
ENSMUSG00000027792	0.1502	0.0170	0.1555	0.0224	batch
ENSMUSG00000038415	0.2132	0.0766	0.2088	0.0723	batch
ENSMUSG00000087381	0.2003	0.0670	0.2114	0.0782	batch
ENSMUSG00000091705	0.0079	0.2139	0.0111	0.2172	group
ENSMUSG00000078238	0.0091	0.0495	0.0078	0.0483	group
ENSMUSG00000021994	0.0463	0.0201	0.0495	0.0234	batch
ENSMUSG00000025902	0.0101	0.1426	0.0130	0.1455	group
ENSMUSG00000052565	0.3237	0.0078	0.3240	0.0081	batch
ENSMUSG00000039252	0.2130	0.0351	0.2082	0.0303	batch
ENSMUSG00000004044	0.0026	0.0635	0.0033	0.0643	group
ENSMUSG00000031133	0.0418	0.1161	0.0355	0.1099	group
ENSMUSG00000036202	0.0338	0.0348	0.0368	0.0378	group
ENSMUSG00000098284	0.1917	0.0492	0.1991	0.0566	batch
ENSMUSG00000060152	0.5595	0.0076	0.5644	0.0126	batch
ENSMUSG00000025665	0.0118	0.0011	0.0120	0.0012	batch
ENSMUSG00000004885	0.0693	0.1705	0.0704	0.1717	group
ENSMUSG00000071531	0.0085	0.0086	0.0083	0.0084	group
ENSMUSG00000038777	0.0163	0.1236	0.0133	0.1205	group
ENSMUSG00000035873	0.1507	0.0190	0.1474	0.0157	batch
ENSMUSG00000041548	0.3595	0.0112	0.3601	0.0119	batch
ENSMUSG00000008845	0.0000	0.0246	0.0000	0.0246	group
ENSMUSG00000060143	0.1129	0.1008	0.1241	0.1119	batch
ENSMUSG00000028687	0.0114	0.0736	0.0139	0.0761	group
ENSMUSG00000045876	0.0041	0.0474	0.0055	0.0488	group
ENSMUSG00000041930	0.0553	0.0066	0.0537	0.0050	batch
ENSMUSG00000022307	0.1429	0.0298	0.1471	0.0340	batch
ENSMUSG00000063628	0.0085	0.0274	0.0083	0.0273	group
ENSMUSG00000023036	0.0215	0.0163	0.0235	0.0183	batch
ENSMUSG00000041445	0.0002	0.1985	0.0002	0.1985	group
ENSMUSG00000050854	0.0955	0.0496	0.1030	0.0571	batch
ENSMUSG00000026170	0.0015	0.0463	0.0019	0.0467	group
ENSMUSG00000037613	0.0011	0.1909	0.0025	0.1924	group
ENSMUSG00000028809	0.2361	0.0969	0.2507	0.1116	batch
ENSMUSG00000028801	0.1196	0.0010	0.1206	0.0020	batch
ENSMUSG00000048271	0.0943	0.1869	0.1074	0.2001	group
ENSMUSG00000034687	0.0919	0.0883	0.1017	0.0980	batch
ENSMUSG00000022537	0.1380	0.0090	0.1392	0.0102	batch
ENSMUSG00000044043	0.0899	0.0096	0.0884	0.0080	batch
ENSMUSG00000025795	0.0113	0.0476	0.0091	0.0455	group
ENSMUSG00000039911	0.0373	0.0063	0.0364	0.0055	batch
ENSMUSG00000045509	0.0029	0.1087	0.0048	0.1106	group
ENSMUSG00000037716	0.0457	0.0418	0.0460	0.0421	batch
ENSMUSG00000014329	0.0210	0.1827	0.0253	0.1870	group
ENSMUSG00000033849	0.0418	0.0237	0.0408	0.0227	batch
ENSMUSG00000053702	0.0864	0.0839	0.0956	0.0931	batch
ENSMUSG00000021466	0.0231	0.0156	0.0217	0.0143	batch
ENSMUSG00000071984	0.0019	0.1315	0.0036	0.1332	group
ENSMUSG00000069072	0.0206	0.0563	0.0174	0.0530	group
ENSMUSG00000090290	0.2515	0.0625	0.2643	0.0752	batch
ENSMUSG00000039145	0.0032	0.0886	0.0018	0.0871	group
ENSMUSG00000025461	0.0289	0.0241	0.0308	0.0260	batch
ENSMUSG00000057315	0.0185	0.0540	0.0220	0.0574	group
ENSMUSG00000104415	0.0039	0.0145	0.0038	0.0144	group
ENSMUSG00000070565	0.0683	0.0046	0.0702	0.0065	batch
ENSMUSG00000022306	0.0431	0.0085	0.0452	0.0107	batch
ENSMUSG00000108137	0.2101	0.0367	0.2195	0.0462	batch
ENSMUSG00000032656	0.1756	0.0414	0.1847	0.0505	batch
ENSMUSG00000052105	0.0322	0.0472	0.0363	0.0513	group
ENSMUSG00000024909	0.0656	0.0166	0.0672	0.0181	batch
ENSMUSG00000031592	0.0000	0.0259	0.0000	0.0259	group
ENSMUSG00000002028	0.1531	0.1501	0.1681	0.1651	batch
ENSMUSG00000076431	0.4700	0.0607	0.4859	0.0766	batch
ENSMUSG00000000202	0.3804	0.0406	0.3769	0.0371	batch
ENSMUSG00000001313	0.0966	0.1065	0.1073	0.1172	group
ENSMUSG00000007603	0.0106	0.0755	0.0130	0.0779	group
ENSMUSG00000106734	0.0126	0.2104	0.0167	0.2144	group
ENSMUSG00000032194	0.0001	0.1027	0.0007	0.1033	group
ENSMUSG00000053199	0.1422	0.0299	0.1492	0.0369	batch
ENSMUSG00000003541	0.0522	0.0460	0.0545	0.0483	batch
ENSMUSG00000052917	0.2201	0.0160	0.2261	0.0220	batch
ENSMUSG00000112161	0.0173	0.0250	0.0166	0.0243	group
ENSMUSG00000040794	0.3357	0.0896	0.3469	0.1007	batch
ENSMUSG00000020888	0.0771	0.1170	0.0854	0.1253	group
ENSMUSG00000021140	0.0155	0.0840	0.0123	0.0808	group
ENSMUSG00000107019	0.4390	0.0008	0.4421	0.0040	batch
ENSMUSG00000051627	0.2125	0.0174	0.2169	0.0218	batch
ENSMUSG00000027524	0.0056	0.0030	0.0060	0.0033	batch
ENSMUSG00000035614	0.0512	0.0380	0.0535	0.0404	batch
ENSMUSG00000037016	0.0007	0.1445	0.0014	0.1451	group
ENSMUSG00000015217	0.0894	0.0301	0.0845	0.0253	batch
ENSMUSG00000031441	0.0077	0.1102	0.0109	0.1134	group
ENSMUSG00000020590	0.0006	0.0393	0.0010	0.0397	group
ENSMUSG00000046667	0.0296	0.1314	0.0364	0.1382	group
ENSMUSG00000063594	0.0003	0.0618	0.0000	0.0616	group
ENSMUSG00000005237	0.0973	0.0995	0.1062	0.1084	group
ENSMUSG00000114571	0.5137	0.0828	0.5361	0.1052	batch
ENSMUSG00000037242	0.0791	0.0048	0.0783	0.0040	batch
ENSMUSG00000038188	0.0640	0.0406	0.0669	0.0435	batch
ENSMUSG00000031825	0.0541	0.0848	0.0523	0.0830	group
ENSMUSG00000007827	0.0008	0.1195	0.0022	0.1208	group
ENSMUSG00000103332	0.0104	0.0681	0.0113	0.0690	group
ENSMUSG00000030589	0.0152	0.0784	0.0176	0.0808	group
ENSMUSG00000027276	0.0058	0.0845	0.0066	0.0853	group
ENSMUSG00000035093	0.0320	0.0193	0.0343	0.0216	batch
ENSMUSG00000113047	0.0609	0.1332	0.0684	0.1408	group
ENSMUSG00000035183	0.1534	0.0306	0.1601	0.0374	batch
ENSMUSG00000106930	0.4468	0.0675	0.4659	0.0866	batch
ENSMUSG00000040429	0.0076	0.1370	0.0048	0.1343	group
ENSMUSG00000021215	0.0165	0.0172	0.0173	0.0180	group
ENSMUSG00000051486	0.0666	0.0055	0.0654	0.0043	batch
ENSMUSG00000049504	0.1365	0.1257	0.1497	0.1389	batch
ENSMUSG00000028641	0.0088	0.0581	0.0110	0.0603	group
ENSMUSG00000003226	0.0028	0.0818	0.0044	0.0834	group
ENSMUSG00000010592	0.4949	0.0816	0.5162	0.1029	batch
ENSMUSG00000078192	0.3388	0.0658	0.3550	0.0820	batch
ENSMUSG00000055833	0.1026	0.0891	0.1088	0.0953	batch
ENSMUSG00000050714	0.1918	0.0967	0.2046	0.1095	batch
ENSMUSG00000059064	0.0289	0.0320	0.0317	0.0349	group
ENSMUSG00000020486	0.0901	0.0003	0.0901	0.0003	batch
ENSMUSG00000101800	0.0015	0.0121	0.0018	0.0123	group
ENSMUSG00000109157	0.3425	0.0478	0.3439	0.0491	batch
ENSMUSG00000039474	0.0484	0.0947	0.0418	0.0882	group
ENSMUSG00000027669	0.0002	0.0258	0.0004	0.0260	group
ENSMUSG00000021692	0.0013	0.0995	0.0023	0.1005	group
ENSMUSG00000103472	0.0219	0.0028	0.0226	0.0035	batch
ENSMUSG00000039059	0.0407	0.0211	0.0437	0.0242	batch
ENSMUSG00000093909	0.0147	0.0062	0.0153	0.0068	batch
ENSMUSG00000041130	0.0303	0.0926	0.0357	0.0979	group
ENSMUSG00000034485	0.0184	0.0519	0.0215	0.0550	group
ENSMUSG00000111656	0.0464	0.0488	0.0505	0.0530	group
ENSMUSG00000045629	0.1823	0.0319	0.1759	0.0256	batch
ENSMUSG00000030279	0.0539	0.1856	0.0640	0.1956	group
ENSMUSG00000020571	0.5402	0.0627	0.5239	0.0465	batch
ENSMUSG00000055733	0.2184	0.0109	0.2150	0.0075	batch
ENSMUSG00000039985	0.0053	0.0517	0.0066	0.0530	group
ENSMUSG00000031385	0.0000	0.0740	0.0004	0.0744	group
ENSMUSG00000061544	0.0751	0.0636	0.0784	0.0669	batch
ENSMUSG00000039701	0.1422	0.0360	0.1500	0.0438	batch
ENSMUSG00000078879	0.0082	0.0916	0.0112	0.0945	group
ENSMUSG00000033589	0.0298	0.0342	0.0325	0.0369	group
ENSMUSG00000083705	0.4252	0.0142	0.4191	0.0081	batch
ENSMUSG00000006782	0.0978	0.0089	0.0988	0.0099	batch
ENSMUSG00000032221	0.0960	0.1205	0.0933	0.1177	group
ENSMUSG00000047246	0.3586	0.0245	0.3501	0.0160	batch
ENSMUSG00000027175	0.0329	0.0955	0.0390	0.1015	group
ENSMUSG00000102189	0.7059	0.0176	0.7111	0.0228	batch
ENSMUSG00000036098	0.0343	0.1108	0.0283	0.1049	group
ENSMUSG00000100215	0.3861	0.0634	0.4012	0.0785	batch
ENSMUSG00000067149	0.0000	0.0327	0.0000	0.0327	group
ENSMUSG00000032440	0.0022	0.0289	0.0031	0.0298	group
ENSMUSG00000020098	0.1436	0.0102	0.1465	0.0130	batch
ENSMUSG00000068748	0.1016	0.0242	0.1038	0.0264	batch
ENSMUSG00000039286	0.0302	0.0747	0.0342	0.0788	group
ENSMUSG00000064339	0.2605	0.0088	0.2575	0.0057	batch
ENSMUSG00000025511	0.2281	0.0991	0.2419	0.1128	batch
ENSMUSG00000032841	0.0657	0.0074	0.0679	0.0096	batch
ENSMUSG00000027660	0.1542	0.0351	0.1584	0.0394	batch
ENSMUSG00000070867	0.3833	0.1589	0.4050	0.1806	batch
ENSMUSG00000033102	0.0032	0.1829	0.0061	0.1857	group
ENSMUSG00000054717	0.0805	0.0277	0.0804	0.0275	batch
ENSMUSG00000010803	0.4018	0.0143	0.4004	0.0129	batch
ENSMUSG00000090066	0.0707	0.0996	0.0737	0.1025	group
ENSMUSG00000027201	0.0171	0.1028	0.0131	0.0988	group
ENSMUSG00000029772	0.0634	0.0137	0.0617	0.0121	batch
ENSMUSG00000019838	0.0357	0.0896	0.0398	0.0937	group
ENSMUSG00000069114	0.2958	0.0059	0.3009	0.0110	batch
ENSMUSG00000024614	0.3170	0.0280	0.3266	0.0376	batch
ENSMUSG00000023931	0.0033	0.0796	0.0039	0.0802	group
ENSMUSG00000018819	0.0075	0.0316	0.0083	0.0324	group
ENSMUSG00000085436	0.2172	0.0845	0.2052	0.0725	batch
ENSMUSG00000060550	0.0028	0.0030	0.0026	0.0028	group
ENSMUSG00000029798	0.2963	0.0068	0.2928	0.0034	batch
ENSMUSG00000072941	0.0172	0.0323	0.0165	0.0316	group
ENSMUSG00000028173	0.0559	0.0520	0.0548	0.0508	batch
ENSMUSG00000113636	0.0008	0.0364	0.0006	0.0363	group
ENSMUSG00000004864	0.0197	0.0893	0.0165	0.0861	group
ENSMUSG00000116081	0.3515	0.0203	0.3458	0.0146	batch
ENSMUSG00000041058	0.1826	0.0933	0.1968	0.1075	batch
ENSMUSG00000060510	0.0011	0.0225	0.0016	0.0231	group
ENSMUSG00000051839	0.0476	0.0378	0.0456	0.0358	batch
ENSMUSG00000031410	0.0515	0.0241	0.0544	0.0271	batch
ENSMUSG00000045689	0.0126	0.1333	0.0113	0.1320	group
ENSMUSG00000045915	0.0021	0.0920	0.0010	0.0909	group
ENSMUSG00000068154	0.2521	0.0104	0.2544	0.0127	batch
ENSMUSG00000052397	0.0427	0.0282	0.0429	0.0285	batch
ENSMUSG00000032267	0.0519	0.1267	0.0605	0.1353	group
ENSMUSG00000066797	0.0375	0.0734	0.0331	0.0690	group
ENSMUSG00000027860	0.0048	0.0487	0.0040	0.0479	group
ENSMUSG00000042641	0.0235	0.1158	0.0291	0.1213	group
ENSMUSG00000033498	0.0576	0.2180	0.0501	0.2105	group
ENSMUSG00000029673	0.2817	0.0273	0.2901	0.0357	batch
ENSMUSG00000085687	0.2099	0.0676	0.2209	0.0786	batch
ENSMUSG00000029832	0.0016	0.0103	0.0013	0.0101	group
ENSMUSG00000025912	0.5482	0.0706	0.5537	0.0760	batch
ENSMUSG00000103046	0.1357	0.1758	0.1492	0.1893	group
ENSMUSG00000030701	0.1848	0.0365	0.1934	0.0451	batch
ENSMUSG00000027957	0.3725	0.0001	0.3739	0.0014	batch
ENSMUSG00000050926	0.0231	0.0470	0.0231	0.0471	group
ENSMUSG00000035673	0.0652	0.1164	0.0743	0.1255	group
ENSMUSG00000022656	0.0258	0.1219	0.0204	0.1165	group
ENSMUSG00000058881	0.0128	0.1692	0.0086	0.1649	group
ENSMUSG00000036377	0.0020	0.0328	0.0013	0.0321	group
ENSMUSG00000085666	0.0615	0.0297	0.0594	0.0275	batch
ENSMUSG00000042284	0.0664	0.0269	0.0698	0.0304	batch
ENSMUSG00000090223	0.0001	0.0877	0.0000	0.0876	group
ENSMUSG00000048376	0.1067	0.0053	0.1094	0.0080	batch
ENSMUSG00000086308	0.2076	0.1299	0.2142	0.1365	batch
ENSMUSG00000084880	0.1414	0.0781	0.1505	0.0872	batch
ENSMUSG00000034480	0.2096	0.1543	0.2290	0.1738	batch
ENSMUSG00000027168	0.0002	0.0160	0.0001	0.0159	group
ENSMUSG00000027314	0.0010	0.1331	0.0003	0.1324	group
ENSMUSG00000026994	0.0060	0.2226	0.0029	0.2195	group
ENSMUSG00000079481	0.1178	0.0897	0.1288	0.1007	batch
ENSMUSG00000079466	0.0021	0.0641	0.0013	0.0633	group
ENSMUSG00000048826	0.1609	0.1217	0.1483	0.1091	batch
ENSMUSG00000032374	0.1193	0.0329	0.1239	0.0374	batch
ENSMUSG00000000555	0.0393	0.0734	0.0444	0.0784	group
ENSMUSG00000040488	0.1103	0.0836	0.1181	0.0915	batch
ENSMUSG00000080223	0.0858	0.0825	0.0777	0.0745	batch
ENSMUSG00000097743	0.0356	0.1718	0.0431	0.1793	group
ENSMUSG00000054708	0.0278	0.1121	0.0325	0.1169	group
ENSMUSG00000040666	0.0001	0.0062	0.0001	0.0061	group
ENSMUSG00000050799	0.4832	0.0207	0.4810	0.0185	batch
ENSMUSG00000037876	0.0208	0.1517	0.0271	0.1579	group
ENSMUSG00000032807	0.1344	0.0908	0.1243	0.0807	batch
ENSMUSG00000046185	0.0001	0.0283	0.0000	0.0283	group
ENSMUSG00000031880	0.0388	0.0654	0.0385	0.0652	group
ENSMUSG00000001995	0.1016	0.0274	0.0966	0.0224	batch
ENSMUSG00000039313	0.1403	0.0142	0.1384	0.0123	batch
ENSMUSG00000026648	0.1414	0.0358	0.1480	0.0423	batch
ENSMUSG00000020592	0.0414	0.0593	0.0366	0.0545	group
ENSMUSG00000048332	0.0121	0.0416	0.0135	0.0430	group
ENSMUSG00000106535	0.5371	0.0043	0.5393	0.0065	batch
ENSMUSG00000054134	0.0228	0.0097	0.0214	0.0083	batch
ENSMUSG00000022665	0.0137	0.0728	0.0152	0.0743	group
ENSMUSG00000108700	0.0444	0.0104	0.0468	0.0128	batch
ENSMUSG00000032261	0.0440	0.0033	0.0450	0.0043	batch
ENSMUSG00000104861	0.0377	0.0921	0.0430	0.0974	group
ENSMUSG00000087620	0.0384	0.0062	0.0401	0.0079	batch
ENSMUSG00000073436	0.0443	0.0831	0.0497	0.0885	group
ENSMUSG00000047935	0.0004	0.0080	0.0002	0.0079	group
ENSMUSG00000036030	0.0411	0.0390	0.0454	0.0434	batch
ENSMUSG00000031853	0.0725	0.0860	0.0660	0.0795	group
ENSMUSG00000057967	0.1000	0.0138	0.1041	0.0179	batch
ENSMUSG00000021102	0.8200	0.0159	0.8329	0.0288	batch
ENSMUSG00000097397	0.0935	0.0045	0.0957	0.0067	batch
ENSMUSG00000086779	0.0805	0.1608	0.0916	0.1720	group
ENSMUSG00000009741	0.0161	0.1349	0.0203	0.1391	group
ENSMUSG00000041974	0.3375	0.0029	0.3398	0.0052	batch
ENSMUSG00000036469	0.0618	0.0183	0.0641	0.0205	batch
ENSMUSG00000061132	0.0036	0.0159	0.0030	0.0152	group
ENSMUSG00000103711	0.0141	0.1391	0.0176	0.1426	group
ENSMUSG00000041779	0.0283	0.0781	0.0309	0.0807	group
ENSMUSG00000053164	0.1941	0.0876	0.1815	0.0750	batch
ENSMUSG00000097099	0.1381	0.0913	0.1482	0.1014	batch
ENSMUSG00000067203	0.0039	0.0087	0.0038	0.0087	group
ENSMUSG00000020634	0.0215	0.0339	0.0201	0.0325	group
ENSMUSG00000086389	0.0009	0.1112	0.0022	0.1125	group
ENSMUSG00000105993	0.0442	0.0267	0.0454	0.0279	batch
ENSMUSG00000105944	0.4412	0.0737	0.4598	0.0923	batch
ENSMUSG00000036854	0.0160	0.0388	0.0140	0.0368	group
ENSMUSG00000025128	0.0578	0.0269	0.0547	0.0238	batch
ENSMUSG00000068686	0.0261	0.0711	0.0262	0.0711	group
ENSMUSG00000118264	0.0940	0.1389	0.0833	0.1282	group
ENSMUSG00000054280	0.0132	0.1339	0.0092	0.1300	group
ENSMUSG00000046994	0.3560	0.0082	0.3611	0.0133	batch
ENSMUSG00000051747	0.2815	0.0615	0.2892	0.0691	batch
ENSMUSG00000000567	0.0896	0.0109	0.0923	0.0137	batch
ENSMUSG00000073437	0.0703	0.2396	0.0764	0.2457	group
ENSMUSG00000117944	0.4474	0.0652	0.4624	0.0802	batch
ENSMUSG00000044667	0.2607	0.0108	0.2614	0.0115	batch
ENSMUSG00000035898	0.0017	0.1235	0.0035	0.1253	group
ENSMUSG00000038146	0.0558	0.0642	0.0620	0.0704	group
ENSMUSG00000027111	0.0834	0.0818	0.0765	0.0750	batch
ENSMUSG00000029108	0.4481	0.0217	0.4440	0.0175	batch
ENSMUSG00000078771	0.2103	0.0129	0.2123	0.0149	batch
ENSMUSG00000029442	0.0185	0.0297	0.0197	0.0308	group
ENSMUSG00000045246	0.0751	0.0199	0.0777	0.0225	batch
ENSMUSG00000042788	0.0137	0.0941	0.0134	0.0937	group
ENSMUSG00000103677	0.0053	0.0382	0.0045	0.0375	group
ENSMUSG00000082895	0.1613	0.0652	0.1673	0.0712	batch
ENSMUSG00000038292	0.0681	0.0429	0.0738	0.0486	batch
ENSMUSG00000040312	0.0238	0.0147	0.0258	0.0167	batch
ENSMUSG00000028626	0.0688	0.0243	0.0650	0.0205	batch
ENSMUSG00000028445	0.4520	0.0603	0.4665	0.0748	batch
ENSMUSG00000038085	0.0048	0.1095	0.0050	0.1097	group
ENSMUSG00000041935	0.2494	0.0643	0.2626	0.0776	batch
ENSMUSG00000086213	0.0002	0.0494	0.0000	0.0492	group
ENSMUSG00000016262	0.0225	0.0046	0.0231	0.0052	batch
ENSMUSG00000096351	0.1909	0.0266	0.1960	0.0317	batch
ENSMUSG00000044268	0.0647	0.0474	0.0658	0.0485	batch
ENSMUSG00000037486	0.2105	0.0417	0.2204	0.0516	batch
ENSMUSG00000037625	0.0401	0.0095	0.0416	0.0110	batch
ENSMUSG00000114202	0.2319	0.0882	0.2434	0.0998	batch
ENSMUSG00000030643	0.2591	0.1817	0.2826	0.2053	batch
ENSMUSG00000028176	0.0470	0.0583	0.0526	0.0639	group
ENSMUSG00000115938	0.2271	0.0460	0.2383	0.0572	batch
ENSMUSG00000039153	0.0801	0.1117	0.0902	0.1217	group
ENSMUSG00000029009	0.1016	0.1061	0.1127	0.1172	group
ENSMUSG00000053825	0.0017	0.0482	0.0027	0.0493	group
ENSMUSG00000010505	0.0005	0.0504	0.0001	0.0500	group
ENSMUSG00000049796	0.0552	0.0603	0.0496	0.0548	group
ENSMUSG00000062980	0.0469	0.1045	0.0544	0.1120	group
ENSMUSG00000030092	0.0164	0.0460	0.0137	0.0433	group
ENSMUSG00000039713	0.0080	0.0335	0.0098	0.0353	group
ENSMUSG00000067215	0.0004	0.0552	0.0002	0.0551	group
ENSMUSG00000082419	0.2451	0.0846	0.2607	0.1001	batch
ENSMUSG00000060572	0.0000	0.1342	0.0002	0.1343	group
ENSMUSG00000081769	0.0284	0.0421	0.0275	0.0412	group
ENSMUSG00000029851	0.0022	0.0454	0.0033	0.0465	group
ENSMUSG00000062859	0.0507	0.0483	0.0486	0.0462	batch
ENSMUSG00000031540	0.0413	0.0236	0.0447	0.0270	batch
ENSMUSG00000047888	0.0846	0.1118	0.0949	0.1222	group
ENSMUSG00000033774	0.0659	0.1225	0.0660	0.1226	group
ENSMUSG00000113923	0.0320	0.0413	0.0358	0.0451	group
ENSMUSG00000048188	0.0676	0.0271	0.0710	0.0305	batch
ENSMUSG00000051678	0.0000	0.0497	0.0001	0.0498	group
ENSMUSG00000010051	0.0288	0.0569	0.0311	0.0592	group
ENSMUSG00000101452	0.4438	0.0673	0.4626	0.0861	batch
ENSMUSG00000029070	0.0279	0.0124	0.0280	0.0125	batch
ENSMUSG00000037552	0.1525	0.0985	0.1657	0.1117	batch
ENSMUSG00000068959	0.0101	0.0167	0.0114	0.0180	group
ENSMUSG00000060424	0.2461	0.0221	0.2532	0.0292	batch
ENSMUSG00000034248	0.0647	0.3420	0.0756	0.3529	group
ENSMUSG00000033966	0.0083	0.0387	0.0094	0.0398	group
ENSMUSG00000064247	0.0086	0.0643	0.0064	0.0621	group
ENSMUSG00000040540	0.0361	0.0218	0.0345	0.0202	batch
ENSMUSG00000026227	0.5533	0.0084	0.5481	0.0032	batch
ENSMUSG00000029154	0.0133	0.2748	0.0146	0.2760	group
ENSMUSG00000026676	0.0064	0.0523	0.0059	0.0518	group
ENSMUSG00000032265	0.0350	0.1789	0.0278	0.1718	group
ENSMUSG00000006740	0.0823	0.0150	0.0789	0.0116	batch
ENSMUSG00000051262	0.0764	0.0554	0.0738	0.0528	batch
ENSMUSG00000049184	0.3015	0.1108	0.3181	0.1275	batch
ENSMUSG00000015829	0.0821	0.0602	0.0893	0.0675	batch
ENSMUSG00000021767	0.1521	0.0304	0.1595	0.0378	batch
ENSMUSG00000040219	0.0132	0.0800	0.0153	0.0821	group
ENSMUSG00000038811	0.0105	0.0166	0.0113	0.0175	group
ENSMUSG00000085386	0.1444	0.0554	0.1419	0.0529	batch
ENSMUSG00000027365	0.0748	0.0772	0.0830	0.0854	group
ENSMUSG00000030516	0.0342	0.0807	0.0399	0.0865	group
ENSMUSG00000082475	0.5116	0.0642	0.5317	0.0843	batch
ENSMUSG00000050288	0.0164	0.0985	0.0184	0.1005	group
ENSMUSG00000087018	0.0345	0.0053	0.0358	0.0066	batch
ENSMUSG00000025081	0.0305	0.1047	0.0274	0.1017	group
ENSMUSG00000053161	0.0001	0.1513	0.0003	0.1515	group
ENSMUSG00000014852	0.0219	0.0346	0.0235	0.0362	group
ENSMUSG00000042340	0.2002	0.0593	0.2120	0.0711	batch
ENSMUSG00000019820	0.0221	0.0008	0.0226	0.0013	batch
ENSMUSG00000102742	0.0031	0.0054	0.0035	0.0057	group
ENSMUSG00000035606	0.0104	0.0091	0.0108	0.0095	batch
ENSMUSG00000028456	0.1481	0.0890	0.1602	0.1012	batch
ENSMUSG00000049690	0.0354	0.0520	0.0400	0.0567	group
ENSMUSG00000024842	0.0000	0.2113	0.0003	0.2115	group
ENSMUSG00000002668	0.0283	0.0278	0.0290	0.0285	batch
ENSMUSG00000043531	0.1481	0.0120	0.1444	0.0083	batch
ENSMUSG00000030220	0.0811	0.0490	0.0813	0.0492	batch
ENSMUSG00000061207	0.0771	0.0103	0.0776	0.0107	batch
ENSMUSG00000109097	0.0009	0.1333	0.0023	0.1347	group
ENSMUSG00000082045	0.1688	0.0590	0.1746	0.0648	batch
ENSMUSG00000102813	0.0489	0.1114	0.0563	0.1188	group
ENSMUSG00000045205	0.1098	0.0088	0.1088	0.0078	batch
ENSMUSG00000021109	0.2366	0.0051	0.2361	0.0046	batch
ENSMUSG00000091955	0.0012	0.1150	0.0025	0.1163	group
ENSMUSG00000036461	0.0020	0.0177	0.0027	0.0184	group
ENSMUSG00000022070	0.2694	0.0217	0.2774	0.0297	batch
ENSMUSG00000057244	0.3019	0.0773	0.3136	0.0890	batch
ENSMUSG00000081721	0.0060	0.0253	0.0072	0.0265	group
ENSMUSG00000083964	0.1583	0.0543	0.1499	0.0459	batch
ENSMUSG00000029765	0.0077	0.0540	0.0099	0.0562	group
ENSMUSG00000103845	0.0313	0.0090	0.0300	0.0078	batch
ENSMUSG00000019852	0.4929	0.0328	0.5046	0.0445	batch
ENSMUSG00000018672	0.5100	0.0074	0.5111	0.0086	batch
ENSMUSG00000020102	0.4413	0.0309	0.4546	0.0442	batch
ENSMUSG00000060029	0.0113	0.0938	0.0144	0.0968	group
ENSMUSG00000050069	0.0399	0.0237	0.0373	0.0211	batch
ENSMUSG00000114251	0.0872	0.0343	0.0879	0.0350	batch
ENSMUSG00000112567	0.2425	0.0759	0.2573	0.0907	batch
ENSMUSG00000033036	0.1677	0.0628	0.1753	0.0704	batch
ENSMUSG00000049241	0.0504	0.0717	0.0569	0.0783	group
ENSMUSG00000086844	0.2704	0.0093	0.2663	0.0053	batch
ENSMUSG00000038872	0.0698	0.0696	0.0640	0.0638	batch
ENSMUSG00000031767	0.1219	0.1137	0.1232	0.1150	batch
ENSMUSG00000118434	0.0024	0.0607	0.0014	0.0597	group
ENSMUSG00000106099	0.2739	0.0626	0.2882	0.0769	batch
ENSMUSG00000025491	0.0133	0.0316	0.0144	0.0328	group
ENSMUSG00000115194	0.4263	0.0848	0.4472	0.1056	batch
ENSMUSG00000072692	0.3685	0.1160	0.3881	0.1356	batch
ENSMUSG00000040037	0.1309	0.0233	0.1256	0.0180	batch
ENSMUSG00000096957	0.0019	0.0326	0.0020	0.0326	group
ENSMUSG00000022601	0.0852	0.0358	0.0886	0.0392	batch
ENSMUSG00000093565	0.0138	0.0742	0.0162	0.0766	group
ENSMUSG00000031292	0.1707	0.0351	0.1776	0.0420	batch
ENSMUSG00000037907	0.0458	0.0767	0.0516	0.0824	group
ENSMUSG00000057863	0.2785	0.0817	0.2925	0.0958	batch
ENSMUSG00000025658	0.0255	0.0261	0.0277	0.0282	group
ENSMUSG00000030830	0.0041	0.0362	0.0055	0.0376	group
ENSMUSG00000005800	0.0446	0.0608	0.0427	0.0588	group
ENSMUSG00000051497	0.0165	0.0137	0.0166	0.0137	batch
ENSMUSG00000041372	0.0055	0.0526	0.0045	0.0516	group
ENSMUSG00000080816	0.2942	0.0775	0.3035	0.0869	batch
ENSMUSG00000041552	0.0034	0.0133	0.0031	0.0130	group
ENSMUSG00000073982	0.0925	0.0252	0.0974	0.0301	batch
ENSMUSG00000087336	0.0492	0.1988	0.0410	0.1905	group
ENSMUSG00000046585	0.0517	0.1338	0.0458	0.1278	group
ENSMUSG00000078606	0.1860	0.1615	0.2026	0.1781	batch
ENSMUSG00000031425	0.0011	0.0262	0.0015	0.0266	group
ENSMUSG00000032740	0.2625	0.0864	0.2787	0.1026	batch
ENSMUSG00000014030	0.0225	0.0919	0.0275	0.0969	group
ENSMUSG00000032383	0.0220	0.0696	0.0254	0.0730	group
ENSMUSG00000019841	0.0407	0.0334	0.0446	0.0373	batch
ENSMUSG00000041842	0.0060	0.0198	0.0067	0.0205	group
ENSMUSG00000058385	0.6361	0.0049	0.6427	0.0115	batch
ENSMUSG00000091277	0.0993	0.0056	0.0987	0.0049	batch
ENSMUSG00000033207	0.0094	0.0771	0.0093	0.0770	group
ENSMUSG00000116793	0.0809	0.1126	0.0725	0.1041	group
ENSMUSG00000081153	0.3062	0.0218	0.3155	0.0311	batch
ENSMUSG00000039219	0.1747	0.0562	0.1853	0.0668	batch
ENSMUSG00000041798	0.0027	0.0869	0.0044	0.0886	group
ENSMUSG00000039519	0.1473	0.0064	0.1446	0.0037	batch
ENSMUSG00000073964	0.0018	0.0728	0.0015	0.0725	group
ENSMUSG00000112117	0.2078	0.0390	0.2123	0.0435	batch
ENSMUSG00000023885	0.0024	0.0195	0.0027	0.0198	group
ENSMUSG00000061353	0.0784	0.0378	0.0734	0.0328	batch
ENSMUSG00000061974	0.1176	0.0574	0.1096	0.0495	batch
ENSMUSG00000040841	0.0002	0.3184	0.0017	0.3199	group
ENSMUSG00000045817	0.3013	0.2970	0.2816	0.2773	batch
ENSMUSG00000051550	0.0886	0.0630	0.0944	0.0689	batch
ENSMUSG00000027750	0.0004	0.0819	0.0001	0.0816	group
ENSMUSG00000044150	0.5893	0.0252	0.6032	0.0391	batch
ENSMUSG00000100017	0.0892	0.1932	0.0981	0.2021	group
ENSMUSG00000037369	0.0293	0.0368	0.0323	0.0398	group
ENSMUSG00000031170	0.0000	0.0612	0.0000	0.0612	group
ENSMUSG00000052062	0.0022	0.1014	0.0010	0.1001	group
ENSMUSG00000000823	0.0888	0.0623	0.0966	0.0700	batch
ENSMUSG00000045284	0.4026	0.0017	0.4028	0.0018	batch
ENSMUSG00000037020	0.0970	0.0185	0.0985	0.0200	batch
ENSMUSG00000035435	0.0492	0.0408	0.0535	0.0451	batch
ENSMUSG00000031997	0.0059	0.0441	0.0044	0.0425	group
ENSMUSG00000056493	0.0098	0.0367	0.0118	0.0387	group
ENSMUSG00000043015	0.0240	0.1610	0.0297	0.1667	group
ENSMUSG00000058420	0.1772	0.0212	0.1728	0.0167	batch
ENSMUSG00000091542	0.1266	0.0030	0.1288	0.0052	batch
ENSMUSG00000071640	0.0015	0.0523	0.0010	0.0518	group
ENSMUSG00000059495	0.0000	0.0728	0.0002	0.0730	group
ENSMUSG00000039860	0.0025	0.1159	0.0013	0.1147	group
ENSMUSG00000025351	0.2728	0.0358	0.2804	0.0434	batch
ENSMUSG00000000120	0.0120	0.1527	0.0134	0.1541	group
ENSMUSG00000083007	0.3552	0.0715	0.3727	0.0890	batch
ENSMUSG00000022622	0.1912	0.0204	0.1978	0.0271	batch
ENSMUSG00000010044	0.0063	0.0859	0.0043	0.0839	group
ENSMUSG00000026058	0.3172	0.0821	0.3019	0.0668	batch
ENSMUSG00000059336	0.2363	0.0222	0.2296	0.0155	batch
ENSMUSG00000050192	0.0142	0.0192	0.0131	0.0180	group
ENSMUSG00000082456	0.3473	0.0224	0.3573	0.0324	batch
ENSMUSG00000056749	0.0516	0.0353	0.0480	0.0317	batch
ENSMUSG00000034390	0.0140	0.0079	0.0149	0.0087	batch
ENSMUSG00000117864	0.1103	0.0571	0.1128	0.0596	batch
ENSMUSG00000017007	0.0338	0.0104	0.0356	0.0122	batch
ENSMUSG00000045087	0.0810	0.0350	0.0828	0.0368	batch
ENSMUSG00000037234	0.3386	0.1357	0.3620	0.1590	batch
ENSMUSG00000025492	0.0704	0.0237	0.0679	0.0213	batch
ENSMUSG00000033007	0.0808	0.0804	0.0895	0.0892	batch
ENSMUSG00000085379	0.1255	0.0169	0.1299	0.0213	batch
ENSMUSG00000053475	0.0041	0.0096	0.0039	0.0094	group
ENSMUSG00000047394	0.0364	0.1930	0.0365	0.1931	group
ENSMUSG00000104682	0.0157	0.2237	0.0204	0.2284	group
ENSMUSG00000019865	0.0027	0.0086	0.0022	0.0082	group
ENSMUSG00000108761	0.7544	0.0124	0.7652	0.0232	batch
ENSMUSG00000036305	0.3256	0.1037	0.3457	0.1238	batch
ENSMUSG00000033488	0.2629	0.0932	0.2778	0.1081	batch
ENSMUSG00000017765	0.0412	0.0212	0.0400	0.0199	batch
ENSMUSG00000041945	0.1878	0.0249	0.1867	0.0237	batch
ENSMUSG00000042029	0.0752	0.0270	0.0737	0.0255	batch
ENSMUSG00000051401	0.0114	0.0047	0.0115	0.0048	batch
ENSMUSG00000030846	0.2174	0.1703	0.2367	0.1895	batch
ENSMUSG00000047904	0.0003	0.0886	0.0000	0.0883	group
ENSMUSG00000063632	0.2359	0.0603	0.2445	0.0690	batch
ENSMUSG00000029163	0.0000	0.0179	0.0001	0.0179	group
ENSMUSG00000108294	0.0148	0.1349	0.0196	0.1397	group
ENSMUSG00000020892	0.0040	0.0454	0.0029	0.0442	group
ENSMUSG00000084348	0.2428	0.0313	0.2520	0.0405	batch
ENSMUSG00000097494	0.1305	0.0107	0.1347	0.0149	batch
ENSMUSG00000042817	0.0092	0.1215	0.0066	0.1189	group
ENSMUSG00000108892	0.0001	0.0710	0.0000	0.0708	group
ENSMUSG00000040543	0.1114	0.0846	0.1166	0.0898	batch
ENSMUSG00000053965	0.1244	0.2142	0.1411	0.2310	group
ENSMUSG00000045409	0.0251	0.1113	0.0306	0.1168	group
ENSMUSG00000047363	0.2013	0.2621	0.1822	0.2430	group
ENSMUSG00000050974	0.0187	0.0157	0.0195	0.0166	batch
ENSMUSG00000089875	0.0282	0.1454	0.0334	0.1506	group
ENSMUSG00000040972	0.0025	0.0281	0.0021	0.0276	group
ENSMUSG00000103793	0.0128	0.0304	0.0139	0.0315	group
ENSMUSG00000070343	0.4224	0.0932	0.4433	0.1141	batch
ENSMUSG00000043913	0.0024	0.0448	0.0026	0.0450	group
ENSMUSG00000000753	0.1767	0.0015	0.1755	0.0003	batch
ENSMUSG00000030231	0.1288	0.1412	0.1406	0.1529	group
ENSMUSG00000058905	0.1782	0.0851	0.1898	0.0966	batch
ENSMUSG00000082901	0.3133	0.0363	0.3242	0.0472	batch
ENSMUSG00000006360	0.3157	0.0444	0.3272	0.0559	batch
ENSMUSG00000058145	0.0062	0.1669	0.0033	0.1641	group
ENSMUSG00000015093	0.0005	0.1285	0.0016	0.1296	group
ENSMUSG00000060678	0.0239	0.1201	0.0298	0.1260	group
ENSMUSG00000066191	0.0030	0.1430	0.0056	0.1456	group
ENSMUSG00000078495	0.1948	0.0558	0.2052	0.0663	batch
ENSMUSG00000028041	0.0178	0.0790	0.0156	0.0768	group
ENSMUSG00000042742	0.4829	0.0448	0.4994	0.0614	batch
ENSMUSG00000026970	0.3929	0.0265	0.4045	0.0382	batch
ENSMUSG00000067597	0.0874	0.0918	0.0969	0.1013	group
ENSMUSG00000031758	0.0007	0.0730	0.0003	0.0727	group
ENSMUSG00000071234	0.0000	0.0401	0.0000	0.0401	group
ENSMUSG00000023927	0.1903	0.0051	0.1929	0.0077	batch
ENSMUSG00000052848	0.1407	0.0232	0.1373	0.0198	batch
ENSMUSG00000044968	0.0223	0.0826	0.0182	0.0784	group
ENSMUSG00000037857	0.1663	0.0401	0.1753	0.0490	batch
ENSMUSG00000053835	0.1741	0.0853	0.1868	0.0981	batch
ENSMUSG00000057058	0.0215	0.0945	0.0202	0.0933	group
ENSMUSG00000097620	0.0250	0.1962	0.0319	0.2031	group
ENSMUSG00000047361	0.0745	0.2792	0.0806	0.2854	group
ENSMUSG00000023153	0.0882	0.0031	0.0872	0.0020	batch
ENSMUSG00000035929	0.0122	0.0068	0.0127	0.0073	batch
ENSMUSG00000081703	0.2405	0.0783	0.2555	0.0933	batch
ENSMUSG00000115028	0.4990	0.0358	0.5061	0.0429	batch
ENSMUSG00000044211	0.2689	0.0027	0.2695	0.0033	batch
ENSMUSG00000098009	0.1180	0.0377	0.1139	0.0336	batch
ENSMUSG00000114267	0.0080	0.0930	0.0058	0.0909	group
ENSMUSG00000029027	0.0603	0.0267	0.0646	0.0310	batch
ENSMUSG00000021730	0.3831	0.0112	0.3855	0.0136	batch
ENSMUSG00000032332	0.0002	0.3578	0.0018	0.3594	group
ENSMUSG00000030782	0.1560	0.0323	0.1495	0.0258	batch
ENSMUSG00000002204	0.0036	0.2710	0.0019	0.2693	group
ENSMUSG00000038387	0.4163	0.0221	0.4194	0.0252	batch
ENSMUSG00000040729	0.1039	0.0702	0.1011	0.0674	batch
ENSMUSG00000043987	0.1392	0.0899	0.1509	0.1016	batch
ENSMUSG00000082099	0.2916	0.1089	0.3108	0.1280	batch
ENSMUSG00000027843	0.0063	0.0395	0.0048	0.0380	group
ENSMUSG00000028876	0.0589	0.0562	0.0645	0.0618	batch
ENSMUSG00000017713	0.0010	0.1219	0.0022	0.1231	group
ENSMUSG00000109724	0.1763	0.0118	0.1803	0.0158	batch
ENSMUSG00000031230	0.0263	0.0244	0.0285	0.0265	batch
ENSMUSG00000038879	0.0111	0.0175	0.0107	0.0170	group
ENSMUSG00000051977	0.1216	0.0248	0.1256	0.0288	batch
ENSMUSG00000117763	0.2648	0.0124	0.2636	0.0112	batch
ENSMUSG00000108372	0.1475	0.0549	0.1565	0.0639	batch
ENSMUSG00000115431	0.0180	0.0798	0.0217	0.0836	group
ENSMUSG00000031200	0.1799	0.1445	0.1972	0.1618	batch
ENSMUSG00000006445	0.0001	0.3173	0.0006	0.3178	group
ENSMUSG00000067212	0.0031	0.0016	0.0034	0.0019	batch
ENSMUSG00000068299	0.5578	0.0152	0.5645	0.0219	batch
ENSMUSG00000097385	0.0815	0.0299	0.0868	0.0353	batch
ENSMUSG00000026361	0.4388	0.0891	0.4603	0.1106	batch
ENSMUSG00000029516	0.0634	0.0169	0.0646	0.0182	batch
ENSMUSG00000025508	0.4224	0.0682	0.4372	0.0830	batch
ENSMUSG00000047261	0.0013	0.0903	0.0004	0.0894	group
ENSMUSG00000000093	0.0023	0.2473	0.0010	0.2459	group
ENSMUSG00000095362	0.0419	0.0538	0.0397	0.0516	group
ENSMUSG00000090069	0.0134	0.0679	0.0105	0.0651	group
ENSMUSG00000033222	0.0021	0.0436	0.0023	0.0438	group
ENSMUSG00000050074	0.2968	0.0314	0.3071	0.0416	batch
ENSMUSG00000012017	0.0008	0.1198	0.0015	0.1205	group
ENSMUSG00000025163	0.0295	0.0549	0.0265	0.0518	group
ENSMUSG00000104283	0.6817	0.0245	0.6849	0.0276	batch
ENSMUSG00000022707	0.0002	0.0544	0.0001	0.0542	group
ENSMUSG00000086181	0.0754	0.0036	0.0740	0.0021	batch
ENSMUSG00000071796	0.1856	0.0872	0.1993	0.1009	batch
ENSMUSG00000039661	0.0000	0.0917	0.0002	0.0919	group
ENSMUSG00000032419	0.0923	0.0762	0.0968	0.0807	batch
ENSMUSG00000041235	0.0180	0.2408	0.0120	0.2349	group
ENSMUSG00000068917	0.0577	0.0814	0.0639	0.0875	group
ENSMUSG00000038535	0.1322	0.0988	0.1443	0.1109	batch
ENSMUSG00000102302	0.1160	0.0789	0.1260	0.0889	batch
ENSMUSG00000085336	0.0873	0.0092	0.0866	0.0085	batch
ENSMUSG00000094936	0.1617	0.0340	0.1691	0.0413	batch
ENSMUSG00000062044	0.1405	0.0789	0.1484	0.0868	batch
ENSMUSG00000082662	0.0639	0.0431	0.0692	0.0484	batch
ENSMUSG00000039831	0.0751	0.0582	0.0818	0.0649	batch
ENSMUSG00000042046	0.1797	0.0664	0.1693	0.0560	batch
ENSMUSG00000026668	0.0791	0.1156	0.0758	0.1122	group
ENSMUSG00000027315	0.2419	0.0222	0.2454	0.0257	batch
ENSMUSG00000049154	0.1837	0.0646	0.1935	0.0744	batch
ENSMUSG00000021254	0.0448	0.0034	0.0444	0.0030	batch
ENSMUSG00000026773	0.0493	0.1217	0.0418	0.1143	group
ENSMUSG00000008200	0.1976	0.0901	0.2116	0.1041	batch
ENSMUSG00000031841	0.0248	0.1104	0.0197	0.1054	group
ENSMUSG00000078302	0.0502	0.0397	0.0543	0.0438	batch
ENSMUSG00000040732	0.0614	0.1758	0.0554	0.1699	group
ENSMUSG00000103115	0.0511	0.1446	0.0598	0.1534	group
ENSMUSG00000037469	0.0055	0.0104	0.0060	0.0109	group
ENSMUSG00000019856	0.0013	0.0815	0.0020	0.0822	group
ENSMUSG00000030208	0.0756	0.0973	0.0678	0.0895	group
ENSMUSG00000108456	0.0654	0.1443	0.0744	0.1532	group
ENSMUSG00000105556	0.1510	0.0614	0.1612	0.0716	batch
ENSMUSG00000054342	0.0500	0.0670	0.0471	0.0641	group
ENSMUSG00000042507	0.0023	0.0047	0.0024	0.0048	group
ENSMUSG00000033964	0.2103	0.0409	0.2205	0.0511	batch
ENSMUSG00000038457	0.0076	0.0555	0.0066	0.0545	group
ENSMUSG00000041936	0.0397	0.1813	0.0487	0.1903	group
ENSMUSG00000023411	0.0147	0.2438	0.0183	0.2474	group
ENSMUSG00000103672	0.1193	0.1740	0.1302	0.1850	group
ENSMUSG00000059422	0.2089	0.1083	0.1944	0.0939	batch
ENSMUSG00000001946	0.0008	0.1818	0.0005	0.1815	group
ENSMUSG00000051146	0.0817	0.0823	0.0899	0.0905	group
ENSMUSG00000041954	0.2313	0.0377	0.2416	0.0480	batch
ENSMUSG00000048537	0.0101	0.0462	0.0124	0.0485	group
ENSMUSG00000094066	0.0750	0.0020	0.0765	0.0035	batch
ENSMUSG00000032291	0.0138	0.0982	0.0120	0.0965	group
ENSMUSG00000073867	0.1932	0.1170	0.2022	0.1260	batch
ENSMUSG00000057143	0.0020	0.0902	0.0009	0.0890	group
ENSMUSG00000021675	0.0758	0.0340	0.0786	0.0368	batch
ENSMUSG00000036292	0.0460	0.2589	0.0575	0.2704	group
ENSMUSG00000033871	0.0724	0.0289	0.0763	0.0328	batch
ENSMUSG00000083261	0.2437	0.0098	0.2399	0.0060	batch
ENSMUSG00000037965	0.0526	0.1536	0.0619	0.1629	group
ENSMUSG00000037095	0.0005	0.0376	0.0002	0.0373	group
ENSMUSG00000033453	0.1333	0.0508	0.1330	0.0505	batch
ENSMUSG00000022377	0.1385	0.0123	0.1426	0.0164	batch
ENSMUSG00000089876	0.0000	0.1245	0.0001	0.1245	group
ENSMUSG00000080921	0.3037	0.1002	0.3198	0.1164	batch
ENSMUSG00000019979	0.0071	0.0367	0.0056	0.0351	group
ENSMUSG00000032946	0.0000	0.1001	0.0000	0.1001	group
ENSMUSG00000029475	0.0892	0.0204	0.0857	0.0169	batch
ENSMUSG00000091735	0.3610	0.0260	0.3685	0.0335	batch
ENSMUSG00000118302	0.0637	0.0486	0.0695	0.0545	batch
ENSMUSG00000109147	0.0363	0.0402	0.0376	0.0416	group
ENSMUSG00000068243	0.0273	0.0878	0.0326	0.0931	group
ENSMUSG00000006313	0.0398	0.1375	0.0360	0.1336	group
ENSMUSG00000042988	0.0506	0.1765	0.0584	0.1843	group
ENSMUSG00000009734	0.0694	0.0361	0.0704	0.0370	batch
ENSMUSG00000022185	0.0178	0.1504	0.0230	0.1556	group
ENSMUSG00000107804	0.0562	0.0269	0.0590	0.0296	batch
ENSMUSG00000031610	0.3951	0.0460	0.4089	0.0599	batch
ENSMUSG00000038527	0.0048	0.0987	0.0057	0.0995	group
ENSMUSG00000030536	0.0288	0.0925	0.0343	0.0979	group
ENSMUSG00000023284	0.0189	0.0062	0.0186	0.0059	batch
ENSMUSG00000079470	0.0324	0.0759	0.0344	0.0779	group
ENSMUSG00000097493	0.1383	0.0099	0.1355	0.0071	batch
ENSMUSG00000055452	0.1007	0.0558	0.1086	0.0637	batch
ENSMUSG00000103762	0.0651	0.0705	0.0701	0.0755	group
ENSMUSG00000051748	0.0383	0.0679	0.0359	0.0654	group
ENSMUSG00000022508	0.0040	0.0621	0.0054	0.0635	group
ENSMUSG00000052137	0.0559	0.0905	0.0636	0.0982	group
ENSMUSG00000080888	0.0079	0.1199	0.0113	0.1233	group
ENSMUSG00000097649	0.1766	0.0252	0.1758	0.0244	batch
ENSMUSG00000014294	0.2966	0.0448	0.3083	0.0565	batch
ENSMUSG00000107677	0.0002	0.0420	0.0005	0.0424	group
ENSMUSG00000069300	0.4816	0.0171	0.4789	0.0144	batch
ENSMUSG00000081436	0.0337	0.1677	0.0385	0.1725	group
ENSMUSG00000064945	0.3860	0.1987	0.3590	0.1717	batch
ENSMUSG00000080904	0.4515	0.0081	0.4474	0.0041	batch
ENSMUSG00000002900	0.0828	0.1224	0.0756	0.1152	group
ENSMUSG00000031486	0.0161	0.1458	0.0206	0.1503	group
ENSMUSG00000102101	0.1544	0.0779	0.1655	0.0890	batch
ENSMUSG00000061848	0.3972	0.0462	0.4121	0.0611	batch
ENSMUSG00000094989	0.4792	0.0814	0.5007	0.1029	batch
ENSMUSG00000108776	0.0002	0.0681	0.0006	0.0685	group
ENSMUSG00000024174	0.0000	0.1530	0.0005	0.1534	group
ENSMUSG00000015202	0.0048	0.0079	0.0043	0.0074	group
ENSMUSG00000034701	0.1939	0.0259	0.2018	0.0338	batch
ENSMUSG00000047965	0.4932	0.0771	0.5146	0.0985	batch
ENSMUSG00000024317	0.5602	0.0386	0.5768	0.0551	batch
ENSMUSG00000031740	0.0019	0.1643	0.0016	0.1640	group
ENSMUSG00000016921	0.0902	0.2061	0.1031	0.2190	group
ENSMUSG00000059555	0.0002	0.0223	0.0001	0.0222	group
ENSMUSG00000034226	0.0612	0.0475	0.0667	0.0530	batch
ENSMUSG00000094683	0.0047	0.0041	0.0043	0.0037	batch
ENSMUSG00000026004	0.0016	0.1031	0.0005	0.1020	group
ENSMUSG00000022026	0.0067	0.0239	0.0078	0.0250	group
ENSMUSG00000097343	0.1681	0.1356	0.1545	0.1220	batch
ENSMUSG00000040761	0.1008	0.0363	0.1073	0.0428	batch
ENSMUSG00000049658	0.1090	0.0720	0.1186	0.0816	batch
ENSMUSG00000039704	0.3068	0.0501	0.3178	0.0612	batch
ENSMUSG00000025161	0.0342	0.0714	0.0313	0.0685	group
ENSMUSG00000048304	0.0097	0.0063	0.0103	0.0068	batch
ENSMUSG00000006344	0.0301	0.0470	0.0335	0.0504	group
ENSMUSG00000026355	0.0058	0.0175	0.0061	0.0178	group
ENSMUSG00000002769	0.0404	0.0441	0.0381	0.0417	group
ENSMUSG00000105879	0.3967	0.0535	0.4127	0.0695	batch
ENSMUSG00000116499	0.1558	0.0360	0.1638	0.0440	batch
ENSMUSG00000089694	0.0915	0.0412	0.0873	0.0370	batch
ENSMUSG00000004110	0.2275	0.1645	0.2483	0.1853	batch
ENSMUSG00000060882	0.0616	0.0008	0.0611	0.0002	batch
ENSMUSG00000026930	0.0485	0.0964	0.0496	0.0975	group
ENSMUSG00000063887	0.0690	0.0678	0.0734	0.0722	batch
ENSMUSG00000049521	0.0395	0.0074	0.0381	0.0060	batch
ENSMUSG00000082381	0.0165	0.0020	0.0168	0.0024	batch
ENSMUSG00000111325	0.0880	0.0552	0.0949	0.0621	batch
ENSMUSG00000026950	0.0047	0.1294	0.0074	0.1321	group
ENSMUSG00000068744	0.0044	0.0639	0.0028	0.0623	group
ENSMUSG00000026447	0.0426	0.0640	0.0480	0.0694	group
ENSMUSG00000019842	0.0269	0.0676	0.0313	0.0720	group
ENSMUSG00000038135	0.0233	0.1025	0.0268	0.1060	group
ENSMUSG00000116093	0.0269	0.0189	0.0263	0.0183	batch
ENSMUSG00000119838	0.2661	0.1924	0.2440	0.1703	batch
ENSMUSG00000117428	0.1831	0.0078	0.1864	0.0111	batch
ENSMUSG00000039518	0.2119	0.0677	0.2077	0.0635	batch
ENSMUSG00000043929	0.7189	0.0231	0.7341	0.0384	batch
ENSMUSG00000112909	0.3404	0.0707	0.3568	0.0871	batch
ENSMUSG00000111765	0.0387	0.0242	0.0420	0.0275	batch
ENSMUSG00000060012	0.0000	0.1768	0.0004	0.1771	group
ENSMUSG00000032925	0.2116	0.0182	0.2179	0.0245	batch
ENSMUSG00000038352	0.0703	0.0557	0.0645	0.0498	batch
ENSMUSG00000035506	0.0194	0.1097	0.0150	0.1053	group
ENSMUSG00000116861	0.0115	0.0400	0.0131	0.0416	group
ENSMUSG00000031775	0.1296	0.0423	0.1375	0.0502	batch
ENSMUSG00000086782	0.0068	0.1138	0.0094	0.1164	group
ENSMUSG00000082329	0.0374	0.0079	0.0371	0.0076	batch
ENSMUSG00000015659	0.0037	0.1573	0.0017	0.1553	group
ENSMUSG00000096361	0.4311	0.0287	0.4290	0.0266	batch
ENSMUSG00000102305	0.0535	0.0288	0.0566	0.0319	batch
ENSMUSG00000027555	0.0349	0.0217	0.0347	0.0215	batch
ENSMUSG00000090307	0.0328	0.0785	0.0376	0.0832	group
ENSMUSG00000046169	0.2076	0.0136	0.2108	0.0168	batch
ENSMUSG00000051451	0.0185	0.2116	0.0250	0.2181	group
ENSMUSG00000017607	0.0079	0.0576	0.0082	0.0578	group
ENSMUSG00000040022	0.0563	0.0306	0.0602	0.0345	batch
ENSMUSG00000096647	0.0254	0.0484	0.0220	0.0450	group
ENSMUSG00000097587	0.0303	0.0577	0.0349	0.0623	group
ENSMUSG00000096936	0.4525	0.0370	0.4598	0.0443	batch
ENSMUSG00000068220	0.1716	0.0074	0.1748	0.0106	batch
ENSMUSG00000041771	0.0346	0.0498	0.0312	0.0464	group
ENSMUSG00000017446	0.0312	0.0062	0.0313	0.0063	batch
ENSMUSG00000097178	0.1817	0.0205	0.1772	0.0160	batch
ENSMUSG00000051098	0.3805	0.0009	0.3800	0.0003	batch
ENSMUSG00000056481	0.0022	0.0005	0.0022	0.0005	batch
ENSMUSG00000034714	0.0636	0.0094	0.0624	0.0082	batch
ENSMUSG00000028977	0.0005	0.0260	0.0002	0.0257	group
ENSMUSG00000017344	0.0053	0.0749	0.0048	0.0743	group
ENSMUSG00000048373	0.0004	0.0033	0.0003	0.0032	group
ENSMUSG00000037652	0.0812	0.1611	0.0935	0.1734	group
ENSMUSG00000062279	0.2652	0.0412	0.2763	0.0523	batch
ENSMUSG00000047146	0.0665	0.1752	0.0757	0.1844	group
ENSMUSG00000046442	0.0001	0.0662	0.0000	0.0661	group
ENSMUSG00000080848	0.3251	0.0582	0.3394	0.0724	batch
ENSMUSG00000029695	0.2015	0.0139	0.2076	0.0199	batch
ENSMUSG00000097275	0.2961	0.0515	0.3097	0.0651	batch
ENSMUSG00000038205	0.0170	0.2618	0.0108	0.2556	group
ENSMUSG00000029135	0.0344	0.0767	0.0295	0.0718	group
ENSMUSG00000017724	0.0361	0.1647	0.0423	0.1709	group
ENSMUSG00000086118	0.1579	0.0219	0.1622	0.0261	batch
ENSMUSG00000091694	0.0463	0.0640	0.0451	0.0627	group
ENSMUSG00000043557	0.0076	0.2157	0.0041	0.2121	group
ENSMUSG00000059939	0.0305	0.1212	0.0361	0.1269	group
ENSMUSG00000032328	0.2569	0.0293	0.2625	0.0349	batch
ENSMUSG00000022376	0.1673	0.1015	0.1548	0.0890	batch
ENSMUSG00000044308	0.1640	0.0334	0.1693	0.0387	batch
ENSMUSG00000062991	0.0237	0.1135	0.0196	0.1093	group
ENSMUSG00000028676	0.1030	0.2137	0.1188	0.2295	group
ENSMUSG00000026739	0.3442	0.0432	0.3578	0.0568	batch
ENSMUSG00000020183	0.0512	0.0379	0.0471	0.0338	batch
ENSMUSG00000032501	0.0163	0.0256	0.0163	0.0255	group
ENSMUSG00000064337	0.1186	0.0101	0.1157	0.0072	batch
ENSMUSG00000040270	0.2046	0.0853	0.2189	0.0995	batch
ENSMUSG00000093996	0.0793	0.0019	0.0807	0.0032	batch
ENSMUSG00000006390	0.0049	0.0312	0.0040	0.0303	group
ENSMUSG00000020099	0.0398	0.0300	0.0375	0.0277	batch
ENSMUSG00000001029	0.1807	0.0452	0.1861	0.0506	batch
ENSMUSG00000022372	0.0264	0.0374	0.0237	0.0347	group
ENSMUSG00000081100	0.0793	0.0404	0.0756	0.0367	batch
ENSMUSG00000017817	0.0095	0.2453	0.0053	0.2411	group
ENSMUSG00000090093	0.0048	0.0295	0.0047	0.0295	group
ENSMUSG00000078746	0.0789	0.0018	0.0803	0.0032	batch
ENSMUSG00000069862	0.4394	0.0179	0.4495	0.0279	batch
ENSMUSG00000044707	0.0500	0.0241	0.0467	0.0208	batch
ENSMUSG00000038895	0.0107	0.0518	0.0114	0.0524	group
ENSMUSG00000039801	0.0449	0.1118	0.0524	0.1193	group
ENSMUSG00000029992	0.0002	0.0487	0.0006	0.0491	group
ENSMUSG00000000154	0.0095	0.0058	0.0089	0.0053	batch
ENSMUSG00000021127	0.0356	0.0352	0.0330	0.0326	batch
ENSMUSG00000048215	0.0308	0.0060	0.0313	0.0065	batch
ENSMUSG00000035594	0.0667	0.0104	0.0677	0.0115	batch
ENSMUSG00000053141	0.2099	0.0245	0.2137	0.0283	batch
ENSMUSG00000031529	0.0125	0.0673	0.0157	0.0705	group
ENSMUSG00000114456	0.4490	0.0142	0.4468	0.0120	batch
ENSMUSG00000084277	0.0077	0.0195	0.0074	0.0192	group
ENSMUSG00000024228	0.1384	0.0112	0.1427	0.0155	batch
ENSMUSG00000069920	0.0107	0.1387	0.0136	0.1417	group
ENSMUSG00000030177	0.0512	0.0608	0.0569	0.0666	group
ENSMUSG00000047407	0.0136	0.2347	0.0102	0.2314	group
ENSMUSG00000066315	0.3957	0.0891	0.4112	0.1047	batch
ENSMUSG00000029371	0.1249	0.0063	0.1226	0.0040	batch
ENSMUSG00000031849	0.1604	0.0614	0.1646	0.0655	batch
ENSMUSG00000039834	0.1117	0.0510	0.1196	0.0589	batch
ENSMUSG00000112941	0.0245	0.0130	0.0264	0.0149	batch
ENSMUSG00000106678	0.0915	0.1030	0.1001	0.1116	group
ENSMUSG00000029245	0.7845	0.0163	0.7979	0.0298	batch
ENSMUSG00000047036	0.1019	0.1661	0.1160	0.1802	group
ENSMUSG00000053414	0.0176	0.0079	0.0165	0.0068	batch
ENSMUSG00000035275	0.1373	0.1388	0.1238	0.1253	group
ENSMUSG00000114206	0.0067	0.0699	0.0048	0.0680	group
ENSMUSG00000025742	0.0077	0.0419	0.0084	0.0426	group
ENSMUSG00000026765	0.0723	0.0535	0.0789	0.0602	batch
ENSMUSG00000030849	0.0887	0.0941	0.0820	0.0875	group
ENSMUSG00000073910	0.0595	0.2703	0.0700	0.2807	group
ENSMUSG00000040865	0.1724	0.2266	0.1919	0.2461	group
ENSMUSG00000053550	0.2495	0.0695	0.2631	0.0832	batch
ENSMUSG00000114172	0.3724	0.0425	0.3827	0.0528	batch
ENSMUSG00000037973	0.0297	0.0670	0.0266	0.0639	group
ENSMUSG00000020407	0.3792	0.0340	0.3765	0.0313	batch
ENSMUSG00000001260	0.1474	0.0180	0.1450	0.0156	batch
ENSMUSG00000021636	0.0008	0.0003	0.0008	0.0003	batch
ENSMUSG00000039457	0.1202	0.0787	0.1295	0.0880	batch
ENSMUSG00000022139	0.5386	0.0382	0.5542	0.0539	batch
ENSMUSG00000082241	0.2875	0.0515	0.2910	0.0550	batch
ENSMUSG00000027109	0.2607	0.0292	0.2694	0.0379	batch
ENSMUSG00000035852	0.0325	0.0640	0.0281	0.0596	group
ENSMUSG00000033862	0.0001	0.0703	0.0000	0.0703	group
ENSMUSG00000035305	0.0548	0.0950	0.0484	0.0886	group
ENSMUSG00000030921	0.1015	0.1828	0.1162	0.1975	group
ENSMUSG00000075245	0.0377	0.0014	0.0380	0.0018	batch
ENSMUSG00000030616	0.0971	0.0609	0.0940	0.0579	batch
ENSMUSG00000058706	0.0862	0.1065	0.0964	0.1168	group
ENSMUSG00000039156	0.0781	0.0833	0.0703	0.0754	group
ENSMUSG00000113059	0.2023	0.0717	0.2138	0.0832	batch
ENSMUSG00000037499	0.3689	0.0399	0.3824	0.0534	batch
ENSMUSG00000040936	0.0300	0.0616	0.0285	0.0601	group
ENSMUSG00000086905	0.0159	0.0794	0.0185	0.0820	group
ENSMUSG00000007682	0.0078	0.1985	0.0044	0.1952	group
ENSMUSG00000117518	0.3259	0.1347	0.3483	0.1570	batch
ENSMUSG00000067780	0.0997	0.1790	0.1137	0.1930	group
ENSMUSG00000036168	0.0551	0.0767	0.0593	0.0809	group
ENSMUSG00000031093	0.0811	0.0479	0.0750	0.0419	batch
ENSMUSG00000079523	0.0004	0.1196	0.0000	0.1193	group
ENSMUSG00000043999	0.0010	0.1268	0.0025	0.1282	group
ENSMUSG00000032942	0.0525	0.0538	0.0583	0.0596	group
ENSMUSG00000051726	0.0943	0.0010	0.0936	0.0003	batch
ENSMUSG00000028137	0.2618	0.0317	0.2706	0.0405	batch
ENSMUSG00000018927	0.0026	0.0861	0.0017	0.0852	group
ENSMUSG00000027263	0.0102	0.1108	0.0072	0.1078	group
ENSMUSG00000000266	0.0209	0.0278	0.0228	0.0297	group
ENSMUSG00000024083	0.0013	0.0268	0.0020	0.0275	group
ENSMUSG00000091383	0.3856	0.0827	0.3945	0.0916	batch
ENSMUSG00000004791	0.0355	0.1887	0.0435	0.1968	group
ENSMUSG00000094786	0.1306	0.0719	0.1284	0.0697	batch
ENSMUSG00000029219	0.0051	0.0060	0.0057	0.0066	group
ENSMUSG00000060594	0.0968	0.2781	0.0852	0.2664	group
ENSMUSG00000043313	0.1418	0.0811	0.1375	0.0768	batch
ENSMUSG00000037996	0.0038	0.0984	0.0057	0.1004	group
ENSMUSG00000046768	0.0041	0.1831	0.0027	0.1816	group
ENSMUSG00000032413	0.2955	0.0272	0.3050	0.0367	batch
ENSMUSG00000081739	0.0583	0.0683	0.0642	0.0742	group
ENSMUSG00000029994	0.0953	0.0192	0.0915	0.0154	batch
ENSMUSG00000110404	0.0545	0.1597	0.0455	0.1506	group
ENSMUSG00000022053	0.0000	0.1139	0.0002	0.1141	group
ENSMUSG00000039891	0.0539	0.0273	0.0515	0.0250	batch
ENSMUSG00000042323	0.2011	0.0174	0.2077	0.0240	batch
ENSMUSG00000027881	0.1235	0.2026	0.1389	0.2181	group
ENSMUSG00000034324	0.0083	0.0137	0.0077	0.0131	group
ENSMUSG00000096842	0.0204	0.1360	0.0261	0.1417	group
ENSMUSG00000022235	0.0619	0.0977	0.0702	0.1060	group
ENSMUSG00000034997	0.1725	0.0606	0.1757	0.0638	batch
ENSMUSG00000093674	0.0830	0.1082	0.0931	0.1182	group
ENSMUSG00000021318	0.0050	0.0369	0.0042	0.0361	group
ENSMUSG00000048200	0.0221	0.1390	0.0268	0.1436	group
ENSMUSG00000011148	0.0409	0.0752	0.0461	0.0804	group
ENSMUSG00000020067	0.0913	0.0425	0.0968	0.0481	batch
ENSMUSG00000030742	0.0005	0.1423	0.0002	0.1420	group
ENSMUSG00000038393	0.2205	0.0135	0.2191	0.0121	batch
ENSMUSG00000036073	0.0001	0.0210	0.0001	0.0210	group
ENSMUSG00000032503	0.1897	0.0080	0.1863	0.0045	batch
ENSMUSG00000069895	0.0170	0.0284	0.0150	0.0265	group
ENSMUSG00000027959	0.0015	0.0708	0.0007	0.0700	group
ENSMUSG00000112474	0.3101	0.0150	0.3173	0.0222	batch
ENSMUSG00000038587	0.0032	0.0045	0.0033	0.0045	group
ENSMUSG00000105977	0.0433	0.0102	0.0418	0.0087	batch
ENSMUSG00000071419	0.0324	0.1228	0.0268	0.1173	group
ENSMUSG00000053963	0.0637	0.0802	0.0591	0.0757	group
ENSMUSG00000046415	0.0013	0.0591	0.0023	0.0601	group
ENSMUSG00000078891	0.1499	0.0300	0.1543	0.0344	batch
ENSMUSG00000075015	0.0382	0.0603	0.0368	0.0589	group
ENSMUSG00000083864	0.0205	0.0012	0.0203	0.0010	batch
ENSMUSG00000044139	0.0167	0.1089	0.0212	0.1134	group
ENSMUSG00000090451	0.0283	0.1551	0.0351	0.1619	group
ENSMUSG00000087298	0.1893	0.0854	0.1773	0.0734	batch
ENSMUSG00000050830	0.0235	0.0871	0.0279	0.0915	group
ENSMUSG00000050423	0.1577	0.0604	0.1588	0.0615	batch
ENSMUSG00000033960	0.0893	0.0071	0.0914	0.0092	batch
ENSMUSG00000027751	0.0400	0.1799	0.0486	0.1885	group
ENSMUSG00000033644	0.0249	0.1551	0.0311	0.1612	group
ENSMUSG00000102593	0.0376	0.0613	0.0427	0.0665	group
ENSMUSG00000069094	0.1205	0.1938	0.1369	0.2101	group
ENSMUSG00000075376	0.5297	0.1570	0.5610	0.1883	batch
ENSMUSG00000024774	0.0006	0.0013	0.0005	0.0012	group
ENSMUSG00000052146	0.0007	0.1719	0.0015	0.1727	group
ENSMUSG00000039716	0.1596	0.0003	0.1605	0.0011	batch
ENSMUSG00000038894	0.1164	0.0647	0.1080	0.0563	batch
ENSMUSG00000056023	0.0699	0.0907	0.0628	0.0836	group
ENSMUSG00000055523	0.1712	0.0026	0.1704	0.0018	batch
ENSMUSG00000069893	0.0396	0.0111	0.0409	0.0124	batch
ENSMUSG00000114326	0.4375	0.1622	0.4635	0.1882	batch
ENSMUSG00000040640	0.0010	0.0446	0.0005	0.0441	group
ENSMUSG00000016520	0.0282	0.0413	0.0251	0.0381	group
ENSMUSG00000001542	0.3181	0.0211	0.3267	0.0297	batch
ENSMUSG00000022580	0.0131	0.0469	0.0111	0.0448	group
ENSMUSG00000108883	0.1711	0.0282	0.1788	0.0358	batch
ENSMUSG00000113255	0.1345	0.0622	0.1442	0.0719	batch
ENSMUSG00000112964	0.1435	0.1064	0.1557	0.1186	batch
ENSMUSG00000066487	0.6384	0.0395	0.6443	0.0453	batch
ENSMUSG00000022262	0.0142	0.0453	0.0118	0.0429	group
ENSMUSG00000084265	0.4483	0.0534	0.4650	0.0701	batch
ENSMUSG00000106396	0.0036	0.0274	0.0039	0.0277	group
ENSMUSG00000042846	0.0794	0.0231	0.0755	0.0191	batch
ENSMUSG00000032816	0.1278	0.0804	0.1194	0.0719	batch
ENSMUSG00000010651	0.1592	0.0470	0.1578	0.0457	batch
ENSMUSG00000043822	0.0026	0.0127	0.0031	0.0132	group
ENSMUSG00000087368	0.0188	0.1265	0.0142	0.1219	group
ENSMUSG00000079311	0.0696	0.0625	0.0633	0.0562	batch
ENSMUSG00000023206	0.0922	0.0100	0.0921	0.0099	batch
ENSMUSG00000113412	0.2457	0.1046	0.2509	0.1098	batch
ENSMUSG00000028453	0.0004	0.1689	0.0000	0.1686	group
ENSMUSG00000103329	0.0615	0.0190	0.0593	0.0167	batch
ENSMUSG00000066324	0.3512	0.0216	0.3564	0.0268	batch
ENSMUSG00000100546	0.0552	0.0748	0.0496	0.0692	group
ENSMUSG00000052566	0.0302	0.0535	0.0345	0.0578	group
ENSMUSG00000046341	0.0040	0.0695	0.0058	0.0714	group
ENSMUSG00000064147	0.0637	0.0902	0.0619	0.0884	group
ENSMUSG00000038880	0.4610	0.0429	0.4721	0.0541	batch
ENSMUSG00000072387	0.0715	0.0314	0.0672	0.0271	batch
ENSMUSG00000049252	0.0493	0.0185	0.0524	0.0215	batch
ENSMUSG00000034437	0.3329	0.0001	0.3332	0.0004	batch
ENSMUSG00000041268	0.0179	0.0422	0.0205	0.0447	group
ENSMUSG00000026082	0.0209	0.0173	0.0190	0.0155	batch
ENSMUSG00000109898	0.2051	0.0049	0.2084	0.0082	batch
ENSMUSG00000027301	0.0043	0.1258	0.0068	0.1284	group
ENSMUSG00000094392	0.0015	0.1080	0.0031	0.1095	group
ENSMUSG00000108628	0.0894	0.0314	0.0917	0.0336	batch
ENSMUSG00000046178	0.0082	0.0701	0.0109	0.0728	group
ENSMUSG00000082969	0.4988	0.0237	0.4905	0.0153	batch
ENSMUSG00000031837	0.0666	0.0205	0.0704	0.0243	batch
ENSMUSG00000051354	0.1701	0.0379	0.1654	0.0333	batch
ENSMUSG00000115448	0.2753	0.0566	0.2862	0.0675	batch
ENSMUSG00000028885	0.1093	0.0467	0.1169	0.0542	batch
ENSMUSG00000022018	0.8137	0.0174	0.8152	0.0190	batch
ENSMUSG00000054115	0.1597	0.0565	0.1697	0.0665	batch
ENSMUSG00000114127	0.5114	0.0313	0.5241	0.0440	batch
ENSMUSG00000024085	0.0302	0.0903	0.0355	0.0956	group
ENSMUSG00000103847	0.0352	0.0146	0.0346	0.0140	batch
ENSMUSG00000030342	0.0131	0.0866	0.0138	0.0873	group
ENSMUSG00000017453	0.0017	0.0160	0.0012	0.0156	group
ENSMUSG00000061897	0.4252	0.0030	0.4262	0.0040	batch
ENSMUSG00000034957	0.5819	0.0017	0.5866	0.0063	batch
ENSMUSG00000089889	0.1104	0.1487	0.0997	0.1379	group
ENSMUSG00000034621	0.2453	0.1214	0.2639	0.1401	batch
ENSMUSG00000067455	0.0310	0.0757	0.0362	0.0809	group
ENSMUSG00000054871	0.4209	0.0182	0.4292	0.0265	batch
ENSMUSG00000084799	0.1911	0.0052	0.1886	0.0027	batch
ENSMUSG00000063383	0.2534	0.1161	0.2666	0.1294	batch
ENSMUSG00000074800	0.0041	0.1688	0.0073	0.1719	group
ENSMUSG00000090698	0.0130	0.0029	0.0126	0.0024	batch
ENSMUSG00000079083	0.0146	0.0028	0.0152	0.0033	batch
ENSMUSG00000030201	0.0153	0.1173	0.0198	0.1218	group
ENSMUSG00000022629	0.0069	0.0249	0.0082	0.0261	group
ENSMUSG00000052151	0.0092	0.0757	0.0090	0.0754	group
ENSMUSG00000082264	0.0050	0.0471	0.0062	0.0483	group
ENSMUSG00000015312	0.0948	0.0841	0.0929	0.0822	batch
ENSMUSG00000061517	0.1699	0.0991	0.1745	0.1037	batch
ENSMUSG00000049551	0.4967	0.0218	0.5079	0.0329	batch
ENSMUSG00000018861	0.0143	0.1165	0.0117	0.1140	group
ENSMUSG00000033949	0.0008	0.0311	0.0010	0.0313	group
ENSMUSG00000106321	0.0000	0.0049	0.0000	0.0049	group
ENSMUSG00000067279	0.4017	0.0202	0.3942	0.0127	batch
ENSMUSG00000049892	0.0727	0.0043	0.0744	0.0059	batch
ENSMUSG00000025934	0.0009	0.1466	0.0020	0.1476	group
ENSMUSG00000027882	0.0022	0.0454	0.0014	0.0446	group
ENSMUSG00000048731	0.0398	0.0978	0.0463	0.1043	group
ENSMUSG00000020023	0.1379	0.0111	0.1345	0.0077	batch
ENSMUSG00000084241	0.0621	0.1882	0.0542	0.1803	group
ENSMUSG00000047804	0.0148	0.0428	0.0124	0.0404	group
ENSMUSG00000097711	0.4316	0.0410	0.4385	0.0479	batch
ENSMUSG00000095845	0.0290	0.0003	0.0294	0.0007	batch
ENSMUSG00000025612	0.0518	0.0045	0.0535	0.0062	batch
ENSMUSG00000112358	0.2585	0.0564	0.2709	0.0689	batch
ENSMUSG00000040483	0.0491	0.0977	0.0507	0.0993	group
ENSMUSG00000059108	0.0262	0.0402	0.0263	0.0402	group
ENSMUSG00000028582	0.0618	0.0481	0.0672	0.0535	batch
ENSMUSG00000021706	0.0112	0.1677	0.0161	0.1726	group
ENSMUSG00000085667	0.1475	0.0185	0.1427	0.0137	batch
ENSMUSG00000063317	0.0428	0.0894	0.0369	0.0835	group
ENSMUSG00000086851	0.3431	0.1170	0.3380	0.1119	batch
ENSMUSG00000052551	0.0562	0.0067	0.0584	0.0089	batch
ENSMUSG00000061684	0.0669	0.1884	0.0790	0.2004	group
ENSMUSG00000039954	0.0092	0.0469	0.0090	0.0467	group
ENSMUSG00000038304	0.3071	0.0146	0.3140	0.0214	batch
ENSMUSG00000027200	0.0677	0.0165	0.0707	0.0195	batch
ENSMUSG00000044674	0.0223	0.0811	0.0269	0.0857	group
ENSMUSG00000024383	0.0971	0.2104	0.1125	0.2258	group
ENSMUSG00000022500	0.0109	0.0003	0.0108	0.0002	batch
ENSMUSG00000030075	0.3222	0.0470	0.3133	0.0381	batch
ENSMUSG00000074635	0.0032	0.0656	0.0047	0.0671	group
ENSMUSG00000028180	0.5338	0.0558	0.5525	0.0745	batch
ENSMUSG00000000732	0.4521	0.0242	0.4479	0.0199	batch
ENSMUSG00000006711	0.0368	0.0525	0.0328	0.0485	group
ENSMUSG00000042529	0.0065	0.0037	0.0069	0.0041	batch
ENSMUSG00000022105	0.3490	0.0994	0.3693	0.1196	batch
ENSMUSG00000102336	0.1618	0.0847	0.1540	0.0769	batch
ENSMUSG00000106864	0.0779	0.1093	0.0855	0.1169	group
ENSMUSG00000003119	0.0322	0.0230	0.0348	0.0255	batch
ENSMUSG00000056267	0.0603	0.0766	0.0676	0.0839	group
ENSMUSG00000074576	0.5649	0.0413	0.5810	0.0574	batch
ENSMUSG00000021700	0.0241	0.0137	0.0257	0.0153	batch
ENSMUSG00000041649	0.0667	0.0077	0.0690	0.0101	batch
ENSMUSG00000098488	0.0633	0.0778	0.0691	0.0837	group
ENSMUSG00000032815	0.0228	0.0763	0.0272	0.0808	group
ENSMUSG00000053158	0.0381	0.0893	0.0329	0.0840	group
ENSMUSG00000083819	0.0248	0.0290	0.0254	0.0295	group
ENSMUSG00000039623	0.0002	0.1017	0.0000	0.1014	group
ENSMUSG00000044927	0.2976	0.0481	0.3078	0.0583	batch
ENSMUSG00000032410	0.1908	0.0409	0.1989	0.0489	batch
ENSMUSG00000059921	0.0000	0.0616	0.0001	0.0617	group
ENSMUSG00000106379	0.3114	0.0094	0.3090	0.0070	batch
ENSMUSG00000087165	0.0140	0.1661	0.0184	0.1706	group
ENSMUSG00000027298	0.0709	0.0213	0.0699	0.0203	batch
ENSMUSG00000038024	0.0363	0.0588	0.0410	0.0635	group
ENSMUSG00000100774	0.1389	0.0213	0.1435	0.0259	batch
ENSMUSG00000071847	0.1139	0.0426	0.1141	0.0428	batch
ENSMUSG00000068130	0.0010	0.0915	0.0022	0.0927	group
ENSMUSG00000004347	0.0137	0.0457	0.0153	0.0473	group
ENSMUSG00000040414	0.0089	0.0477	0.0104	0.0492	group
ENSMUSG00000041700	0.2424	0.1090	0.2292	0.0958	batch
ENSMUSG00000053214	0.1921	0.0069	0.1904	0.0052	batch
ENSMUSG00000007107	0.1355	0.0262	0.1315	0.0222	batch
ENSMUSG00000033439	0.1417	0.0029	0.1424	0.0036	batch
ENSMUSG00000028497	0.0525	0.0227	0.0501	0.0203	batch
ENSMUSG00000114003	0.4616	0.0344	0.4723	0.0452	batch
ENSMUSG00000105352	0.0002	0.0777	0.0006	0.0781	group
ENSMUSG00000028845	0.0063	0.0375	0.0076	0.0388	group
ENSMUSG00000119873	0.2366	0.1458	0.2194	0.1287	batch
ENSMUSG00000051041	0.2306	0.1006	0.2296	0.0995	batch
ENSMUSG00000030166	0.0524	0.0227	0.0560	0.0263	batch
ENSMUSG00000081382	0.2836	0.1361	0.3020	0.1545	batch
ENSMUSG00000021514	0.2716	0.1618	0.2918	0.1820	batch
ENSMUSG00000022546	0.0353	0.0219	0.0336	0.0202	batch
ENSMUSG00000097209	0.0388	0.0394	0.0429	0.0435	group
ENSMUSG00000024925	0.3035	0.0375	0.3152	0.0493	batch
ENSMUSG00000037253	0.0404	0.0442	0.0367	0.0406	group
ENSMUSG00000036273	0.0244	0.1037	0.0209	0.1002	group
ENSMUSG00000021136	0.0430	0.0969	0.0460	0.0999	group
ENSMUSG00000063457	0.1586	0.0770	0.1699	0.0883	batch
ENSMUSG00000023186	0.0582	0.0037	0.0570	0.0025	batch
ENSMUSG00000061911	0.0283	0.0445	0.0321	0.0483	group
ENSMUSG00000049562	0.0880	0.0010	0.0875	0.0005	batch
ENSMUSG00000023945	0.0078	0.1705	0.0120	0.1747	group
ENSMUSG00000032889	0.0500	0.0335	0.0475	0.0310	batch
ENSMUSG00000020734	0.0810	0.1523	0.0749	0.1462	group
ENSMUSG00000092358	0.2258	0.0660	0.2390	0.0792	batch
ENSMUSG00000030877	0.0826	0.0141	0.0830	0.0146	batch
ENSMUSG00000004665	0.1094	0.0690	0.1081	0.0677	batch
ENSMUSG00000022025	0.0916	0.0744	0.0942	0.0770	batch
ENSMUSG00000027995	0.1162	0.0117	0.1183	0.0138	batch
ENSMUSG00000084111	0.3737	0.1012	0.3886	0.1161	batch
ENSMUSG00000038668	0.0002	0.0109	0.0004	0.0111	group
ENSMUSG00000026785	0.0050	0.1812	0.0041	0.1802	group
ENSMUSG00000086533	0.2163	0.0440	0.2265	0.0542	batch
ENSMUSG00000081491	0.1995	0.0231	0.2071	0.0306	batch
ENSMUSG00000056144	0.0055	0.0382	0.0044	0.0372	group
ENSMUSG00000035735	0.0076	0.0406	0.0095	0.0424	group
ENSMUSG00000000739	0.2150	0.0771	0.2082	0.0702	batch
ENSMUSG00000037003	0.1152	0.0202	0.1182	0.0231	batch
ENSMUSG00000019872	0.1652	0.0247	0.1668	0.0263	batch
ENSMUSG00000114970	0.1336	0.0301	0.1397	0.0362	batch
ENSMUSG00000044258	0.0643	0.0724	0.0644	0.0726	group
ENSMUSG00000034685	0.6451	0.0198	0.6360	0.0106	batch
ENSMUSG00000050334	0.2011	0.1266	0.2174	0.1429	batch
ENSMUSG00000052353	0.0030	0.1066	0.0049	0.1085	group
ENSMUSG00000094932	0.1857	0.0595	0.1832	0.0570	batch
ENSMUSG00000021758	0.1620	0.1597	0.1794	0.1771	batch
ENSMUSG00000106905	0.3043	0.0142	0.3015	0.0115	batch
ENSMUSG00000048334	0.0009	0.0161	0.0006	0.0158	group
ENSMUSG00000035566	0.0453	0.0260	0.0488	0.0296	batch
ENSMUSG00000028602	0.1269	0.0767	0.1271	0.0770	batch
ENSMUSG00000028859	0.0602	0.0334	0.0639	0.0371	batch
ENSMUSG00000022555	0.0009	0.0509	0.0013	0.0513	group
ENSMUSG00000078700	0.0936	0.0855	0.0919	0.0838	batch
ENSMUSG00000016194	0.3111	0.0184	0.3174	0.0246	batch
ENSMUSG00000094475	0.1863	0.0598	0.1838	0.0573	batch
ENSMUSG00000031832	0.0152	0.0294	0.0156	0.0297	group
ENSMUSG00000005148	0.2398	0.0008	0.2405	0.0016	batch
ENSMUSG00000038241	0.0324	0.0645	0.0369	0.0690	group
ENSMUSG00000038368	0.0012	0.1489	0.0030	0.1507	group
ENSMUSG00000025137	0.0000	0.0500	0.0001	0.0501	group
ENSMUSG00000036545	0.0080	0.0343	0.0064	0.0327	group
ENSMUSG00000006281	0.0009	0.0307	0.0005	0.0303	group
ENSMUSG00000074746	0.0001	0.0086	0.0001	0.0086	group
ENSMUSG00000115810	0.0124	0.1169	0.0129	0.1173	group
ENSMUSG00000042662	0.0607	0.0359	0.0603	0.0355	batch
ENSMUSG00000108396	0.3019	0.1075	0.3191	0.1246	batch
ENSMUSG00000056258	0.0604	0.0820	0.0680	0.0896	group
ENSMUSG00000040852	0.1513	0.0783	0.1618	0.0887	batch
ENSMUSG00000097023	0.0985	0.0106	0.0955	0.0076	batch
ENSMUSG00000110156	0.1185	0.0263	0.1237	0.0315	batch
ENSMUSG00000025825	0.8108	0.0101	0.8188	0.0181	batch
ENSMUSG00000069268	0.5274	0.0367	0.5432	0.0525	batch
ENSMUSG00000039967	0.1010	0.0512	0.1084	0.0586	batch
ENSMUSG00000008734	0.0691	0.0022	0.0681	0.0011	batch
ENSMUSG00000030605	0.1207	0.0247	0.1253	0.0293	batch
ENSMUSG00000046873	0.0336	0.0203	0.0363	0.0229	batch
ENSMUSG00000004233	0.0280	0.0805	0.0269	0.0794	group
ENSMUSG00000029263	0.0218	0.0551	0.0198	0.0532	group
ENSMUSG00000086926	0.3546	0.0412	0.3441	0.0306	batch
ENSMUSG00000117011	0.0750	0.2210	0.0890	0.2350	group
ENSMUSG00000028681	0.0110	0.0873	0.0086	0.0849	group
ENSMUSG00000100599	0.0843	0.0226	0.0876	0.0260	batch
ENSMUSG00000082978	0.4414	0.0397	0.4526	0.0508	batch
ENSMUSG00000047945	0.0001	0.0867	0.0005	0.0871	group
ENSMUSG00000095869	0.0300	0.0039	0.0306	0.0046	batch
ENSMUSG00000116165	0.7257	0.0312	0.7407	0.0462	batch
ENSMUSG00000037674	0.4104	0.0603	0.4277	0.0775	batch
ENSMUSG00000107713	0.2340	0.0417	0.2421	0.0498	batch
ENSMUSG00000110656	0.2022	0.1021	0.1890	0.0888	batch
ENSMUSG00000052516	0.1978	0.0532	0.2064	0.0618	batch
ENSMUSG00000087088	0.0224	0.1007	0.0249	0.1032	group
ENSMUSG00000078794	0.7085	0.0431	0.7073	0.0419	batch
ENSMUSG00000067847	0.3833	0.0439	0.3970	0.0576	batch
ENSMUSG00000100228	0.2266	0.0441	0.2349	0.0524	batch
ENSMUSG00000050248	0.1960	0.1344	0.1805	0.1189	batch
ENSMUSG00000054640	0.2199	0.0347	0.2271	0.0419	batch
ENSMUSG00000031295	0.0465	0.0658	0.0524	0.0717	group
ENSMUSG00000101299	0.0094	0.0025	0.0097	0.0028	batch
ENSMUSG00000106032	0.0550	0.0696	0.0616	0.0763	group
ENSMUSG00000030766	0.0000	0.2087	0.0005	0.2092	group
ENSMUSG00000113681	0.0768	0.2349	0.0912	0.2494	group
ENSMUSG00000044783	0.0029	0.1794	0.0052	0.1818	group
ENSMUSG00000001763	0.2391	0.0235	0.2381	0.0225	batch
ENSMUSG00000066652	0.0473	0.0369	0.0518	0.0414	batch
ENSMUSG00000117340	0.0023	0.1377	0.0009	0.1363	group
ENSMUSG00000114500	0.0840	0.0015	0.0832	0.0008	batch
ENSMUSG00000070866	0.0370	0.0067	0.0360	0.0057	batch
ENSMUSG00000068284	0.0104	0.1690	0.0151	0.1738	group
ENSMUSG00000038537	0.0100	0.0114	0.0099	0.0113	group
ENSMUSG00000066592	0.3476	0.0959	0.3635	0.1119	batch
ENSMUSG00000062203	0.0654	0.0443	0.0605	0.0394	batch
ENSMUSG00000015968	0.1028	0.1186	0.1144	0.1301	group
ENSMUSG00000050663	0.0033	0.1283	0.0056	0.1307	group
ENSMUSG00000069184	0.3433	0.0559	0.3539	0.0665	batch
ENSMUSG00000055027	0.0697	0.0682	0.0771	0.0756	batch
ENSMUSG00000010066	0.0106	0.0181	0.0098	0.0174	group
ENSMUSG00000068037	0.1382	0.0202	0.1345	0.0165	batch
ENSMUSG00000119668	0.2631	0.1674	0.2427	0.1470	batch
ENSMUSG00000024542	0.1148	0.0946	0.1258	0.1056	batch
ENSMUSG00000028910	0.0028	0.0228	0.0022	0.0223	group
ENSMUSG00000052301	0.0302	0.0845	0.0257	0.0799	group
ENSMUSG00000030209	0.3377	0.0689	0.3512	0.0825	batch
ENSMUSG00000059159	0.2015	0.1308	0.2164	0.1458	batch
ENSMUSG00000027858	0.0066	0.0089	0.0069	0.0091	group
ENSMUSG00000022514	0.0041	0.0348	0.0053	0.0360	group
ENSMUSG00000024940	0.0178	0.0140	0.0194	0.0156	batch
ENSMUSG00000060419	0.5043	0.0354	0.5176	0.0487	batch
ENSMUSG00000075256	0.1031	0.0477	0.1000	0.0445	batch
ENSMUSG00000034892	0.3204	0.1179	0.3399	0.1374	batch
ENSMUSG00000090777	0.0328	0.1251	0.0399	0.1321	group
ENSMUSG00000015053	0.0039	0.1180	0.0038	0.1179	group
ENSMUSG00000063856	0.1722	0.0733	0.1841	0.0852	batch
ENSMUSG00000034320	0.0038	0.0486	0.0052	0.0500	group
ENSMUSG00000020914	0.0212	0.0603	0.0231	0.0622	group
ENSMUSG00000037493	0.5337	0.0021	0.5385	0.0069	batch
ENSMUSG00000020884	0.0001	0.0235	0.0002	0.0236	group
ENSMUSG00000081888	0.4361	0.0278	0.4358	0.0276	batch
ENSMUSG00000001103	0.1781	0.0403	0.1734	0.0356	batch
ENSMUSG00000054690	0.0291	0.0781	0.0248	0.0737	group
ENSMUSG00000028631	0.0409	0.0141	0.0435	0.0167	batch
ENSMUSG00000081926	0.1242	0.0635	0.1326	0.0719	batch
ENSMUSG00000027177	0.1598	0.0577	0.1701	0.0680	batch
ENSMUSG00000020546	0.0019	0.1086	0.0010	0.1077	group
ENSMUSG00000079534	0.0021	0.0325	0.0018	0.0323	group
ENSMUSG00000051978	0.0428	0.0233	0.0404	0.0208	batch
ENSMUSG00000082087	0.0082	0.2773	0.0130	0.2820	group
ENSMUSG00000053070	0.1238	0.1417	0.1125	0.1303	group
ENSMUSG00000022176	0.0782	0.0262	0.0738	0.0219	batch
ENSMUSG00000103693	0.0862	0.0714	0.0930	0.0782	batch
ENSMUSG00000028278	0.0012	0.0389	0.0006	0.0383	group
ENSMUSG00000118029	0.0569	0.0259	0.0611	0.0301	batch
ENSMUSG00000105429	0.0820	0.0338	0.0865	0.0383	batch
ENSMUSG00000053024	0.0006	0.0811	0.0001	0.0806	group
ENSMUSG00000040663	0.1429	0.0817	0.1504	0.0893	batch
ENSMUSG00000022565	0.1913	0.0621	0.2032	0.0740	batch
ENSMUSG00000073406	0.0080	0.0889	0.0071	0.0880	group
ENSMUSG00000113249	0.5551	0.0021	0.5586	0.0056	batch
ENSMUSG00000006395	0.0377	0.0682	0.0375	0.0680	group
ENSMUSG00000024274	0.0336	0.3030	0.0403	0.3097	group
ENSMUSG00000044080	0.2807	0.0611	0.2951	0.0755	batch
ENSMUSG00000028539	0.0021	0.0533	0.0022	0.0534	group
ENSMUSG00000029817	0.0191	0.1844	0.0249	0.1902	group
ENSMUSG00000041959	0.0054	0.0635	0.0069	0.0650	group
ENSMUSG00000034912	0.2683	0.0008	0.2704	0.0028	batch
ENSMUSG00000030031	0.3028	0.0029	0.3057	0.0058	batch
ENSMUSG00000114995	0.0137	0.1496	0.0186	0.1546	group
ENSMUSG00000117006	0.0918	0.0334	0.0873	0.0288	batch
ENSMUSG00000010797	0.0064	0.0182	0.0056	0.0174	group
ENSMUSG00000074867	0.2137	0.0286	0.2224	0.0372	batch
ENSMUSG00000026536	0.0219	0.2207	0.0154	0.2142	group
ENSMUSG00000032258	0.0005	0.0035	0.0006	0.0036	group
ENSMUSG00000050625	0.0016	0.0455	0.0018	0.0457	group
ENSMUSG00000066629	0.0382	0.0648	0.0436	0.0702	group
ENSMUSG00000078193	0.1693	0.1020	0.1803	0.1130	batch
ENSMUSG00000113207	0.0828	0.0024	0.0818	0.0014	batch
ENSMUSG00000042515	0.1537	0.0163	0.1567	0.0193	batch
ENSMUSG00000075316	0.0234	0.0334	0.0207	0.0307	group
ENSMUSG00000021583	0.0000	0.0417	0.0001	0.0418	group
ENSMUSG00000022091	0.0046	0.0274	0.0052	0.0280	group
ENSMUSG00000106464	0.0000	0.0790	0.0001	0.0790	group
ENSMUSG00000004100	0.0020	0.0343	0.0016	0.0339	group
ENSMUSG00000060063	0.0714	0.1076	0.0765	0.1127	group
ENSMUSG00000113565	0.0823	0.0022	0.0813	0.0013	batch
ENSMUSG00000070643	0.0483	0.0025	0.0496	0.0038	batch
ENSMUSG00000014813	0.0617	0.1584	0.0530	0.1497	group
ENSMUSG00000019539	0.3122	0.0198	0.3169	0.0245	batch
ENSMUSG00000090516	0.1133	0.0570	0.1212	0.0649	batch
ENSMUSG00000078721	0.0487	0.0017	0.0497	0.0027	batch
ENSMUSG00000044811	0.1402	0.0139	0.1403	0.0140	batch
ENSMUSG00000024798	0.0965	0.0249	0.1010	0.0294	batch
ENSMUSG00000020521	0.1657	0.1948	0.1849	0.2140	group
ENSMUSG00000020700	0.0059	0.1429	0.0093	0.1463	group
ENSMUSG00000031673	0.0256	0.0719	0.0269	0.0731	group
ENSMUSG00000027162	0.1743	0.0359	0.1830	0.0445	batch
ENSMUSG00000000560	0.3954	0.0550	0.4118	0.0714	batch
ENSMUSG00000113262	0.1251	0.0460	0.1334	0.0543	batch
ENSMUSG00000035126	0.0001	0.1622	0.0007	0.1628	group
ENSMUSG00000073077	0.0050	0.0513	0.0042	0.0506	group
ENSMUSG00000024697	0.0880	0.0110	0.0851	0.0080	batch
ENSMUSG00000045377	0.0115	0.0716	0.0142	0.0743	group
ENSMUSG00000039646	0.0051	0.0915	0.0056	0.0920	group
ENSMUSG00000022867	0.0225	0.0381	0.0204	0.0361	group
ENSMUSG00000034648	0.0398	0.0007	0.0399	0.0009	batch
ENSMUSG00000079657	0.0098	0.0004	0.0097	0.0003	batch
ENSMUSG00000053198	0.0080	0.1083	0.0112	0.1115	group
ENSMUSG00000097292	0.1544	0.0088	0.1563	0.0108	batch
ENSMUSG00000059033	0.0178	0.1808	0.0136	0.1767	group
ENSMUSG00000070000	0.0728	0.0191	0.0757	0.0220	batch
ENSMUSG00000074673	0.0365	0.0330	0.0386	0.0351	batch
ENSMUSG00000031029	0.6527	0.0418	0.6646	0.0537	batch
ENSMUSG00000021668	0.0029	0.0285	0.0021	0.0277	group
ENSMUSG00000107008	0.0148	0.0308	0.0127	0.0287	group
ENSMUSG00000086472	0.0317	0.0939	0.0375	0.0997	group
ENSMUSG00000102018	0.0562	0.0974	0.0626	0.1038	group
ENSMUSG00000113222	0.0137	0.1412	0.0180	0.1455	group
ENSMUSG00000006519	0.1413	0.1778	0.1526	0.1891	group
ENSMUSG00000097462	0.0820	0.0380	0.0873	0.0433	batch
ENSMUSG00000079110	0.0322	0.0924	0.0353	0.0955	group
ENSMUSG00000094437	0.1834	0.0737	0.1885	0.0788	batch
ENSMUSG00000109648	0.0533	0.0495	0.0536	0.0497	batch
ENSMUSG00000097083	0.0507	0.0813	0.0445	0.0751	group
ENSMUSG00000100691	0.0480	0.1504	0.0567	0.1591	group
ENSMUSG00000026675	0.0001	0.0247	0.0000	0.0246	group
ENSMUSG00000092622	0.1372	0.1795	0.1239	0.1661	group
ENSMUSG00000046470	0.1519	0.3326	0.1422	0.3229	group
ENSMUSG00000106037	0.4247	0.0600	0.4405	0.0758	batch
ENSMUSG00000057649	0.0686	0.0511	0.0749	0.0574	batch
ENSMUSG00000071176	0.0268	0.0151	0.0249	0.0131	batch
ENSMUSG00000039616	0.0004	0.0701	0.0001	0.0698	group
ENSMUSG00000040714	0.0257	0.0456	0.0255	0.0453	group
ENSMUSG00000073154	0.0083	0.0316	0.0093	0.0326	group
ENSMUSG00000074449	0.1518	0.0302	0.1576	0.0361	batch
ENSMUSG00000017830	0.0291	0.1902	0.0222	0.1833	group
ENSMUSG00000071267	0.4272	0.0734	0.4467	0.0929	batch
ENSMUSG00000026761	0.4600	0.1123	0.4850	0.1373	batch
ENSMUSG00000063652	0.0835	0.0110	0.0856	0.0131	batch
ENSMUSG00000067771	0.0066	0.2430	0.0072	0.2436	group
ENSMUSG00000037270	0.0183	0.0353	0.0201	0.0371	group
ENSMUSG00000079038	0.0401	0.0488	0.0414	0.0501	group
ENSMUSG00000089857	0.1722	0.0812	0.1844	0.0934	batch
ENSMUSG00000042581	0.0886	0.0207	0.0858	0.0179	batch
ENSMUSG00000070692	0.3024	0.0354	0.3094	0.0424	batch
ENSMUSG00000066894	0.0305	0.0549	0.0346	0.0590	group
ENSMUSG00000115729	0.1332	0.0569	0.1282	0.0519	batch
ENSMUSG00000031398	0.0326	0.2451	0.0405	0.2530	group
ENSMUSG00000068270	0.0186	0.0017	0.0192	0.0023	batch
ENSMUSG00000049225	0.1015	0.0174	0.1034	0.0193	batch
ENSMUSG00000107524	0.1272	0.0302	0.1337	0.0366	batch
ENSMUSG00000020275	0.2729	0.0396	0.2760	0.0427	batch
ENSMUSG00000100405	0.2746	0.0209	0.2825	0.0288	batch
ENSMUSG00000015568	0.0024	0.0854	0.0035	0.0864	group
ENSMUSG00000028967	0.2189	0.0440	0.2095	0.0347	batch
ENSMUSG00000032727	0.1951	0.0850	0.2083	0.0983	batch
ENSMUSG00000048939	0.0163	0.1004	0.0201	0.1042	group
ENSMUSG00000082194	0.2642	0.0485	0.2561	0.0404	batch
ENSMUSG00000039270	0.0100	0.0394	0.0114	0.0409	group
ENSMUSG00000093577	0.4239	0.0234	0.4164	0.0159	batch
ENSMUSG00000047281	0.0251	0.0859	0.0214	0.0822	group
ENSMUSG00000035239	0.0207	0.0103	0.0218	0.0114	batch
ENSMUSG00000080059	0.0341	0.0340	0.0320	0.0319	batch
ENSMUSG00000022802	0.0524	0.0621	0.0493	0.0591	group
ENSMUSG00000046417	0.0004	0.0041	0.0003	0.0040	group
ENSMUSG00000006241	0.0121	0.0953	0.0145	0.0977	group
ENSMUSG00000035868	0.1269	0.2195	0.1430	0.2356	group
ENSMUSG00000020218	0.0801	0.0175	0.0794	0.0168	batch
ENSMUSG00000082755	0.0545	0.0641	0.0608	0.0704	group
ENSMUSG00000045328	0.0528	0.0494	0.0479	0.0445	batch
ENSMUSG00000021313	0.0256	0.0925	0.0308	0.0977	group
ENSMUSG00000051000	0.0037	0.0344	0.0041	0.0348	group
ENSMUSG00000028804	0.1452	0.1420	0.1602	0.1571	batch
ENSMUSG00000036052	0.0109	0.0510	0.0133	0.0534	group
ENSMUSG00000026029	0.0004	0.0281	0.0002	0.0279	group
ENSMUSG00000066068	0.2209	0.0749	0.2348	0.0888	batch
ENSMUSG00000062785	0.0299	0.0727	0.0350	0.0778	group
ENSMUSG00000083841	0.0052	0.0996	0.0069	0.1013	group
ENSMUSG00000117115	0.0125	0.0140	0.0117	0.0132	group
ENSMUSG00000001248	0.0179	0.0689	0.0196	0.0706	group
ENSMUSG00000033508	0.1153	0.0437	0.1218	0.0502	batch
ENSMUSG00000055093	0.3850	0.0534	0.3997	0.0681	batch
ENSMUSG00000022443	0.0005	0.1735	0.0019	0.1749	group
ENSMUSG00000041828	0.1335	0.0057	0.1321	0.0043	batch
ENSMUSG00000060227	0.1595	0.0057	0.1605	0.0068	batch
ENSMUSG00000090641	0.0599	0.0161	0.0633	0.0195	batch
ENSMUSG00000025213	0.0229	0.0307	0.0230	0.0308	group
ENSMUSG00000099662	0.0146	0.0300	0.0162	0.0316	group
ENSMUSG00000085072	0.1559	0.0511	0.1647	0.0599	batch
ENSMUSG00000090523	0.2299	0.0025	0.2319	0.0045	batch
ENSMUSG00000026894	0.0985	0.0736	0.0905	0.0656	batch
ENSMUSG00000031972	0.0226	0.0600	0.0193	0.0567	group
ENSMUSG00000000958	0.1218	0.0932	0.1117	0.0831	batch
ENSMUSG00000029343	0.1028	0.0678	0.1109	0.0758	batch
ENSMUSG00000095288	0.0008	0.0270	0.0004	0.0266	group
ENSMUSG00000096370	0.2543	0.0539	0.2670	0.0666	batch
ENSMUSG00000024109	0.7517	0.0223	0.7669	0.0374	batch
ENSMUSG00000035356	0.0428	0.1462	0.0514	0.1549	group
ENSMUSG00000069962	0.4636	0.0171	0.4565	0.0101	batch
ENSMUSG00000031337	0.0300	0.0271	0.0319	0.0290	batch
ENSMUSG00000031736	0.0269	0.0272	0.0298	0.0301	group
ENSMUSG00000020986	0.0099	0.0050	0.0098	0.0049	batch
ENSMUSG00000015083	0.0001	0.0485	0.0003	0.0487	group
ENSMUSG00000036617	0.3207	0.0346	0.3276	0.0416	batch
ENSMUSG00000102275	0.2238	0.0570	0.2325	0.0656	batch
ENSMUSG00000092097	0.0353	0.0304	0.0334	0.0285	batch
ENSMUSG00000032564	0.0458	0.0715	0.0518	0.0776	group
ENSMUSG00000056966	0.0335	0.0084	0.0353	0.0102	batch
ENSMUSG00000003604	0.5564	0.0196	0.5662	0.0294	batch
ENSMUSG00000034310	0.3692	0.0065	0.3657	0.0030	batch
ENSMUSG00000021959	0.0056	0.1238	0.0033	0.1214	group
ENSMUSG00000000794	0.0037	0.0293	0.0048	0.0304	group
ENSMUSG00000040738	0.2289	0.0898	0.2152	0.0761	batch
ENSMUSG00000036863	0.0122	0.0443	0.0099	0.0421	group
ENSMUSG00000008028	0.0179	0.0406	0.0179	0.0405	group
ENSMUSG00000055024	0.0329	0.0450	0.0370	0.0491	group
ENSMUSG00000047648	0.1401	0.0588	0.1423	0.0610	batch
ENSMUSG00000043993	0.0487	0.0114	0.0481	0.0107	batch
ENSMUSG00000028228	0.1382	0.0297	0.1450	0.0364	batch
ENSMUSG00000063328	0.2646	0.1001	0.2818	0.1173	batch
ENSMUSG00000110702	0.0104	0.0746	0.0135	0.0777	group
ENSMUSG00000031309	0.2947	0.0609	0.3091	0.0753	batch
ENSMUSG00000031609	0.4314	0.0295	0.4431	0.0411	batch
ENSMUSG00000082002	0.0018	0.0027	0.0019	0.0028	group
ENSMUSG00000025626	0.2332	0.0267	0.2415	0.0351	batch
ENSMUSG00000063410	0.0763	0.0195	0.0734	0.0166	batch
ENSMUSG00000044364	0.0109	0.1062	0.0079	0.1032	group
ENSMUSG00000090467	0.0091	0.1788	0.0137	0.1834	group
ENSMUSG00000082769	0.2492	0.0689	0.2635	0.0831	batch
ENSMUSG00000038119	0.0037	0.0354	0.0049	0.0366	group
ENSMUSG00000118154	0.0287	0.0759	0.0245	0.0717	group
ENSMUSG00000038844	0.0634	0.0236	0.0643	0.0245	batch
ENSMUSG00000081239	0.3761	0.0575	0.3924	0.0738	batch
ENSMUSG00000109390	0.1476	0.0071	0.1489	0.0084	batch
ENSMUSG00000082806	0.1334	0.0037	0.1356	0.0059	batch
ENSMUSG00000032702	0.0000	0.0357	0.0001	0.0358	group
ENSMUSG00000085812	0.1502	0.0136	0.1531	0.0165	batch
ENSMUSG00000018379	0.2436	0.1778	0.2657	0.2000	batch
ENSMUSG00000031596	0.0027	0.1390	0.0014	0.1377	group
ENSMUSG00000026874	0.1110	0.0876	0.1206	0.0972	batch
ENSMUSG00000086629	0.0945	0.2037	0.0889	0.1982	group
ENSMUSG00000046717	0.0009	0.0330	0.0011	0.0333	group
ENSMUSG00000075296	0.2009	0.0033	0.2000	0.0024	batch
ENSMUSG00000062078	0.4675	0.0783	0.4885	0.0993	batch
ENSMUSG00000031860	0.0377	0.0457	0.0413	0.0493	group
ENSMUSG00000090665	0.0064	0.0077	0.0059	0.0072	group
ENSMUSG00000081344	0.2949	0.1202	0.3150	0.1403	batch
ENSMUSG00000117438	0.5140	0.0909	0.5365	0.1134	batch
ENSMUSG00000033458	0.0322	0.0956	0.0268	0.0903	group
ENSMUSG00000031838	0.0463	0.0251	0.0430	0.0218	batch
ENSMUSG00000073433	0.2492	0.0365	0.2589	0.0462	batch
ENSMUSG00000032268	0.0062	0.0214	0.0064	0.0216	group
ENSMUSG00000060093	0.0152	0.0904	0.0193	0.0945	group
ENSMUSG00000091811	0.6758	0.0304	0.6916	0.0462	batch
ENSMUSG00000015745	0.0420	0.0190	0.0395	0.0165	batch
ENSMUSG00000107002	0.6791	0.0351	0.6943	0.0502	batch
ENSMUSG00000094843	0.0077	0.0032	0.0082	0.0037	batch
ENSMUSG00000075590	0.0458	0.1472	0.0538	0.1552	group
ENSMUSG00000034825	0.0196	0.0547	0.0165	0.0515	group
ENSMUSG00000066798	0.3846	0.0125	0.3928	0.0207	batch
ENSMUSG00000029420	0.1303	0.0862	0.1418	0.0977	batch
ENSMUSG00000028121	0.0001	0.0410	0.0002	0.0411	group
ENSMUSG00000014418	0.0081	0.3408	0.0136	0.3463	group
ENSMUSG00000071669	0.0019	0.0372	0.0012	0.0365	group
ENSMUSG00000025094	0.4106	0.0766	0.4229	0.0889	batch
ENSMUSG00000105139	0.1208	0.0248	0.1238	0.0279	batch
ENSMUSG00000116529	0.2949	0.0668	0.3095	0.0814	batch
ENSMUSG00000072762	0.0179	0.0159	0.0165	0.0145	batch
ENSMUSG00000039556	0.5206	0.0176	0.5135	0.0105	batch
ENSMUSG00000006235	0.0003	0.0049	0.0002	0.0048	group
ENSMUSG00000024376	0.1066	0.0198	0.1102	0.0234	batch
ENSMUSG00000112332	0.2639	0.1024	0.2787	0.1172	batch
ENSMUSG00000034427	0.0085	0.0694	0.0101	0.0710	group
ENSMUSG00000069682	0.3336	0.0859	0.3520	0.1043	batch
ENSMUSG00000090112	0.1199	0.0819	0.1305	0.0926	batch
ENSMUSG00000001289	0.4306	0.0580	0.4444	0.0718	batch
ENSMUSG00000045555	0.3786	0.0058	0.3763	0.0035	batch
ENSMUSG00000032017	0.1862	0.0690	0.1762	0.0590	batch
ENSMUSG00000038255	0.0175	0.0315	0.0200	0.0340	group
ENSMUSG00000041245	0.0036	0.0375	0.0048	0.0387	group
ENSMUSG00000042042	0.2418	0.0198	0.2477	0.0257	batch
ENSMUSG00000113186	0.0040	0.0557	0.0029	0.0546	group
ENSMUSG00000072969	0.0839	0.1096	0.0769	0.1026	group
ENSMUSG00000037610	0.0341	0.0037	0.0331	0.0027	batch
ENSMUSG00000008489	0.0564	0.0115	0.0573	0.0124	batch
ENSMUSG00000053395	0.3158	0.0208	0.3084	0.0133	batch
ENSMUSG00000027977	0.0168	0.0753	0.0208	0.0792	group
ENSMUSG00000025572	0.0039	0.0308	0.0038	0.0307	group
ENSMUSG00000026987	0.0638	0.0338	0.0687	0.0386	batch
ENSMUSG00000061462	0.0891	0.0048	0.0915	0.0071	batch
ENSMUSG00000036334	0.0016	0.0771	0.0023	0.0779	group
ENSMUSG00000027601	0.0022	0.0578	0.0022	0.0577	group
ENSMUSG00000022559	0.0050	0.0471	0.0040	0.0461	group
ENSMUSG00000083373	0.0337	0.1466	0.0397	0.1526	group
ENSMUSG00000082985	0.2243	0.0014	0.2236	0.0006	batch
ENSMUSG00000057329	0.0236	0.0210	0.0252	0.0226	batch
ENSMUSG00000074519	0.0007	0.0744	0.0003	0.0740	group
ENSMUSG00000027009	0.0289	0.0939	0.0344	0.0994	group
ENSMUSG00000053846	0.0152	0.0126	0.0166	0.0140	batch
ENSMUSG00000118344	0.1495	0.0131	0.1545	0.0181	batch
ENSMUSG00000036882	0.2361	0.0227	0.2334	0.0200	batch
ENSMUSG00000038342	0.0656	0.2432	0.0794	0.2570	group
ENSMUSG00000053129	0.0128	0.0160	0.0119	0.0151	group
ENSMUSG00000068964	0.1791	0.0333	0.1764	0.0307	batch
ENSMUSG00000112096	0.0181	0.1163	0.0206	0.1188	group
ENSMUSG00000109121	0.0176	0.0150	0.0193	0.0166	batch
ENSMUSG00000016763	0.1786	0.0723	0.1899	0.0836	batch
ENSMUSG00000026409	0.1179	0.1282	0.1301	0.1404	group
ENSMUSG00000027996	0.0845	0.0282	0.0898	0.0335	batch
ENSMUSG00000109957	0.0374	0.0565	0.0423	0.0613	group
ENSMUSG00000029360	0.0403	0.1877	0.0464	0.1938	group
ENSMUSG00000021624	0.0012	0.0325	0.0015	0.0329	group
ENSMUSG00000021091	0.1637	0.0210	0.1625	0.0198	batch
ENSMUSG00000084284	0.5797	0.0117	0.5858	0.0178	batch
ENSMUSG00000034462	0.0001	0.1382	0.0001	0.1382	group
ENSMUSG00000032436	0.2917	0.0084	0.2913	0.0080	batch
ENSMUSG00000022441	0.0259	0.0002	0.0262	0.0005	batch
ENSMUSG00000027463	0.0103	0.1134	0.0142	0.1173	group
ENSMUSG00000002108	0.1851	0.0837	0.1733	0.0719	batch
ENSMUSG00000050105	0.0700	0.0816	0.0715	0.0831	group
ENSMUSG00000029059	0.3513	0.0474	0.3640	0.0601	batch
ENSMUSG00000059237	0.0468	0.0127	0.0491	0.0150	batch
ENSMUSG00000108701	0.1747	0.0521	0.1847	0.0621	batch
ENSMUSG00000033972	0.2803	0.1000	0.2964	0.1162	batch
ENSMUSG00000097080	0.0114	0.0347	0.0095	0.0327	group
ENSMUSG00000042567	0.2253	0.0057	0.2269	0.0072	batch
ENSMUSG00000019850	0.0191	0.0145	0.0178	0.0132	batch
ENSMUSG00000113368	0.3793	0.0278	0.3861	0.0346	batch
ENSMUSG00000057948	0.0207	0.0230	0.0199	0.0221	group
ENSMUSG00000028784	0.0299	0.1456	0.0368	0.1525	group
ENSMUSG00000090036	0.0095	0.0127	0.0091	0.0122	group
ENSMUSG00000001034	0.0019	0.0363	0.0028	0.0372	group
ENSMUSG00000050840	0.0139	0.0132	0.0139	0.0132	batch
ENSMUSG00000083992	0.0613	0.0899	0.0676	0.0963	group
ENSMUSG00000027284	0.0238	0.1090	0.0286	0.1139	group
ENSMUSG00000025013	0.1706	0.0156	0.1675	0.0125	batch
ENSMUSG00000058729	0.0855	0.0025	0.0849	0.0020	batch
ENSMUSG00000103585	0.0044	0.0635	0.0036	0.0627	group
ENSMUSG00000031831	0.0182	0.2031	0.0163	0.2013	group
ENSMUSG00000112639	0.0555	0.0274	0.0561	0.0279	batch
ENSMUSG00000031902	0.0001	0.0395	0.0000	0.0394	group
ENSMUSG00000028785	0.1216	0.0108	0.1195	0.0086	batch
ENSMUSG00000084946	0.0995	0.1465	0.1123	0.1593	group
ENSMUSG00000074785	0.0000	0.0131	0.0000	0.0131	group
ENSMUSG00000034801	0.0000	0.0321	0.0000	0.0321	group
ENSMUSG00000040896	0.0001	0.0328	0.0004	0.0331	group
ENSMUSG00000115604	0.1066	0.2466	0.0919	0.2319	group
ENSMUSG00000086188	0.0075	0.0488	0.0083	0.0496	group
ENSMUSG00000022136	0.1125	0.0635	0.1044	0.0554	batch
ENSMUSG00000044424	0.6062	0.0661	0.6281	0.0880	batch
ENSMUSG00000038180	0.1385	0.0545	0.1398	0.0558	batch
ENSMUSG00000030790	0.0043	0.0013	0.0042	0.0012	batch
ENSMUSG00000108852	0.0032	0.0201	0.0041	0.0209	group
ENSMUSG00000028469	0.0222	0.0930	0.0270	0.0978	group
ENSMUSG00000068587	0.0243	0.1116	0.0278	0.1151	group
ENSMUSG00000028862	0.0405	0.0725	0.0388	0.0708	group
ENSMUSG00000070667	0.1310	0.0646	0.1395	0.0731	batch
ENSMUSG00000019943	0.0370	0.0428	0.0410	0.0467	group
ENSMUSG00000032611	0.0000	0.0405	0.0001	0.0406	group
ENSMUSG00000084803	0.0142	0.0126	0.0153	0.0138	batch
ENSMUSG00000032105	0.0501	0.0018	0.0499	0.0016	batch
ENSMUSG00000035238	0.0775	0.1127	0.0794	0.1146	group
ENSMUSG00000082876	0.0001	0.1396	0.0001	0.1396	group
ENSMUSG00000032024	0.0151	0.0398	0.0175	0.0422	group
ENSMUSG00000060002	0.5376	0.0207	0.5498	0.0329	batch
ENSMUSG00000048827	0.0565	0.0404	0.0617	0.0456	batch
ENSMUSG00000023992	0.0011	0.1099	0.0015	0.1103	group
ENSMUSG00000022103	0.1454	0.0139	0.1469	0.0154	batch
ENSMUSG00000101493	0.0830	0.1230	0.0929	0.1328	group
ENSMUSG00000090364	0.0067	0.1945	0.0057	0.1935	group
ENSMUSG00000037465	0.1164	0.0793	0.1070	0.0700	batch
ENSMUSG00000109130	0.0148	0.0253	0.0169	0.0274	group
ENSMUSG00000078619	0.1125	0.0641	0.1049	0.0566	batch
ENSMUSG00000024987	0.0706	0.0189	0.0694	0.0177	batch
ENSMUSG00000052957	0.2528	0.0569	0.2480	0.0521	batch
ENSMUSG00000097617	0.0641	0.0465	0.0590	0.0414	batch
ENSMUSG00000024948	0.0345	0.0885	0.0400	0.0939	group
ENSMUSG00000093686	0.3337	0.0535	0.3460	0.0658	batch
ENSMUSG00000108823	0.0236	0.0872	0.0272	0.0908	group
ENSMUSG00000087269	0.0112	0.1263	0.0078	0.1229	group
ENSMUSG00000053040	0.0887	0.1088	0.0819	0.1020	group
ENSMUSG00000117713	0.0775	0.0624	0.0803	0.0653	batch
ENSMUSG00000036718	0.0046	0.0268	0.0040	0.0262	group
ENSMUSG00000051048	0.0806	0.0325	0.0830	0.0348	batch
ENSMUSG00000048706	0.1969	0.0446	0.1879	0.0355	batch
ENSMUSG00000052374	0.0002	0.0709	0.0008	0.0714	group
ENSMUSG00000027272	0.0047	0.0659	0.0064	0.0677	group
ENSMUSG00000020331	0.4538	0.0464	0.4514	0.0439	batch
ENSMUSG00000035107	0.0115	0.0721	0.0104	0.0709	group
ENSMUSG00000042345	0.1111	0.0872	0.1050	0.0810	batch
ENSMUSG00000076437	0.1778	0.1034	0.1922	0.1178	batch
ENSMUSG00000015224	0.5246	0.0196	0.5351	0.0301	batch
ENSMUSG00000074652	0.0216	0.0111	0.0228	0.0123	batch
ENSMUSG00000048279	0.0049	0.0793	0.0071	0.0815	group
ENSMUSG00000030272	0.0123	0.0108	0.0136	0.0121	batch
ENSMUSG00000027173	0.1751	0.0288	0.1822	0.0360	batch
ENSMUSG00000085069	0.0898	0.0359	0.0932	0.0393	batch
ENSMUSG00000036019	0.1003	0.0953	0.1102	0.1052	batch
ENSMUSG00000027274	0.2968	0.0618	0.2838	0.0488	batch
ENSMUSG00000081660	0.0032	0.1264	0.0049	0.1281	group
ENSMUSG00000050240	0.1503	0.0417	0.1572	0.0487	batch
ENSMUSG00000116041	0.2169	0.0819	0.2310	0.0961	batch
ENSMUSG00000058392	0.1663	0.0585	0.1763	0.0685	batch
ENSMUSG00000057322	0.2044	0.1135	0.2184	0.1275	batch
ENSMUSG00000036731	0.3581	0.0042	0.3563	0.0023	batch
ENSMUSG00000057715	0.1074	0.0138	0.1069	0.0133	batch
ENSMUSG00000004558	0.3793	0.0394	0.3926	0.0528	batch
ENSMUSG00000023999	0.0213	0.0197	0.0196	0.0179	batch
ENSMUSG00000058966	0.1901	0.0622	0.1996	0.0717	batch
ENSMUSG00000060981	0.0342	0.0533	0.0386	0.0577	group
ENSMUSG00000098024	0.0302	0.0800	0.0332	0.0830	group
ENSMUSG00000010307	0.0113	0.0558	0.0130	0.0575	group
ENSMUSG00000098620	0.1136	0.0004	0.1137	0.0006	batch
ENSMUSG00000042500	0.0026	0.1802	0.0051	0.1827	group
ENSMUSG00000035211	0.0286	0.1664	0.0247	0.1625	group
ENSMUSG00000116965	0.0912	0.1379	0.0983	0.1451	group
ENSMUSG00000044361	0.0135	0.0071	0.0127	0.0063	batch
ENSMUSG00000094344	0.3571	0.0419	0.3668	0.0517	batch
ENSMUSG00000003346	0.6033	0.0363	0.6118	0.0449	batch
ENSMUSG00000107952	0.3347	0.0041	0.3393	0.0088	batch
ENSMUSG00000058603	0.1324	0.0844	0.1426	0.0946	batch
ENSMUSG00000022952	0.2763	0.0253	0.2789	0.0279	batch
ENSMUSG00000033938	0.2598	0.0623	0.2725	0.0750	batch
ENSMUSG00000108813	0.0599	0.1987	0.0499	0.1887	group
ENSMUSG00000026142	0.0035	0.0151	0.0037	0.0153	group
ENSMUSG00000107734	0.0268	0.0308	0.0260	0.0300	group
ENSMUSG00000087516	0.0693	0.0031	0.0710	0.0048	batch
ENSMUSG00000029007	0.0913	0.0526	0.0930	0.0544	batch
ENSMUSG00000037139	0.0861	0.0131	0.0872	0.0143	batch
ENSMUSG00000037860	0.0317	0.1202	0.0327	0.1211	group
ENSMUSG00000037315	0.3058	0.1109	0.3188	0.1239	batch
ENSMUSG00000068962	0.0028	0.2199	0.0017	0.2188	group
ENSMUSG00000018983	0.0077	0.0224	0.0065	0.0213	group
ENSMUSG00000055884	0.0704	0.0567	0.0712	0.0575	batch
ENSMUSG00000114271	0.1129	0.2903	0.0953	0.2728	group
ENSMUSG00000060206	0.1035	0.0995	0.1143	0.1103	batch
ENSMUSG00000051331	0.0125	0.1092	0.0166	0.1133	group
ENSMUSG00000021374	0.0024	0.0336	0.0032	0.0345	group
ENSMUSG00000082474	0.4102	0.0339	0.4217	0.0454	batch
ENSMUSG00000029313	0.0181	0.1004	0.0225	0.1048	group
ENSMUSG00000015305	0.0112	0.0297	0.0131	0.0317	group
ENSMUSG00000079104	0.2226	0.0044	0.2207	0.0024	batch
ENSMUSG00000086691	0.3765	0.1342	0.4005	0.1582	batch
ENSMUSG00000041669	0.0028	0.0544	0.0030	0.0546	group
ENSMUSG00000037111	0.0006	0.0561	0.0002	0.0557	group
ENSMUSG00000031381	0.0392	0.1049	0.0357	0.1014	group
ENSMUSG00000096256	0.0689	0.0036	0.0677	0.0024	batch
ENSMUSG00000079339	0.0182	0.2577	0.0220	0.2615	group
ENSMUSG00000112823	0.0316	0.0297	0.0302	0.0284	batch
ENSMUSG00000054203	0.0058	0.2402	0.0026	0.2370	group
ENSMUSG00000083626	0.5597	0.0131	0.5698	0.0232	batch
ENSMUSG00000042784	0.0078	0.2010	0.0058	0.1991	group
ENSMUSG00000112160	0.0005	0.1546	0.0001	0.1542	group
ENSMUSG00000085440	0.1363	0.0249	0.1427	0.0313	batch
ENSMUSG00000056596	0.7223	0.0003	0.7237	0.0017	batch
ENSMUSG00000108437	0.2627	0.1127	0.2814	0.1314	batch
ENSMUSG00000024011	0.0112	0.1100	0.0118	0.1106	group
ENSMUSG00000053208	0.1138	0.0055	0.1150	0.0067	batch
ENSMUSG00000028312	0.0346	0.0376	0.0381	0.0411	group
ENSMUSG00000105522	0.0181	0.1502	0.0160	0.1481	group
ENSMUSG00000071350	0.0000	0.0359	0.0000	0.0359	group
ENSMUSG00000110185	0.7773	0.0213	0.7926	0.0366	batch
ENSMUSG00000066537	0.4502	0.0086	0.4480	0.0064	batch
ENSMUSG00000030729	0.2339	0.1092	0.2490	0.1243	batch
ENSMUSG00000020641	0.0011	0.0166	0.0007	0.0163	group
ENSMUSG00000018238	0.0727	0.0807	0.0802	0.0882	group
ENSMUSG00000034163	0.0369	0.1698	0.0451	0.1780	group
ENSMUSG00000027472	0.1612	0.0096	0.1589	0.0073	batch
ENSMUSG00000040146	0.0009	0.1385	0.0004	0.1380	group
ENSMUSG00000029370	0.0106	0.0337	0.0101	0.0333	group
ENSMUSG00000020653	0.0908	0.1102	0.0814	0.1007	group
ENSMUSG00000020482	0.3694	0.0247	0.3616	0.0169	batch
ENSMUSG00000084093	0.2537	0.0836	0.2686	0.0986	batch
ENSMUSG00000026385	0.3416	0.0440	0.3549	0.0573	batch
ENSMUSG00000095648	0.1068	0.0561	0.1020	0.0514	batch
ENSMUSG00000029819	0.0319	0.0409	0.0289	0.0379	group
ENSMUSG00000116883	0.0753	0.0174	0.0792	0.0213	batch
ENSMUSG00000112714	0.0088	0.0107	0.0078	0.0097	group
ENSMUSG00000049100	0.2657	0.0015	0.2645	0.0002	batch
ENSMUSG00000030064	0.0008	0.0716	0.0003	0.0711	group
ENSMUSG00000098027	0.0165	0.0793	0.0136	0.0764	group
ENSMUSG00000027967	0.3737	0.0164	0.3828	0.0255	batch
ENSMUSG00000020096	0.1002	0.0255	0.0956	0.0209	batch
ENSMUSG00000041977	0.0048	0.0555	0.0062	0.0570	group
ENSMUSG00000061778	0.0694	0.0545	0.0760	0.0612	batch
ENSMUSG00000034751	0.0421	0.0324	0.0456	0.0358	batch
ENSMUSG00000033491	0.0487	0.0280	0.0451	0.0244	batch
ENSMUSG00000020774	0.0040	0.0018	0.0041	0.0020	batch
ENSMUSG00000030083	0.0001	0.0143	0.0001	0.0143	group
ENSMUSG00000070729	0.0367	0.0086	0.0372	0.0091	batch
ENSMUSG00000024049	0.1229	0.1957	0.1237	0.1965	group
ENSMUSG00000031139	0.0728	0.0047	0.0744	0.0063	batch
ENSMUSG00000032269	0.1796	0.0044	0.1826	0.0074	batch
ENSMUSG00000098424	0.0265	0.0094	0.0251	0.0080	batch
ENSMUSG00000078202	0.0471	0.0657	0.0527	0.0714	group
ENSMUSG00000054321	0.0041	0.0514	0.0035	0.0509	group
ENSMUSG00000036568	0.0840	0.1371	0.0951	0.1482	group
ENSMUSG00000051379	0.0035	0.0406	0.0028	0.0399	group
ENSMUSG00000025986	0.1343	0.0172	0.1383	0.0213	batch
ENSMUSG00000050390	0.1289	0.0201	0.1318	0.0230	batch
ENSMUSG00000061488	0.3975	0.0466	0.4114	0.0605	batch
ENSMUSG00000086826	0.1424	0.0253	0.1489	0.0317	batch
ENSMUSG00000035394	0.0155	0.0727	0.0166	0.0737	group
ENSMUSG00000022255	0.3356	0.0127	0.3335	0.0106	batch
ENSMUSG00000079677	0.1521	0.0280	0.1564	0.0323	batch
ENSMUSG00000023959	0.0281	0.0307	0.0297	0.0323	group
ENSMUSG00000110515	0.6078	0.0403	0.6239	0.0564	batch
ENSMUSG00000025963	0.0057	0.0818	0.0074	0.0835	group
ENSMUSG00000074802	0.0305	0.0304	0.0328	0.0328	batch
ENSMUSG00000092260	0.0026	0.1349	0.0018	0.1341	group
ENSMUSG00000066809	0.0503	0.1191	0.0581	0.1270	group
ENSMUSG00000026107	0.0487	0.0405	0.0534	0.0451	batch
ENSMUSG00000046387	0.3052	0.0291	0.2966	0.0206	batch
ENSMUSG00000055078	0.1951	0.0267	0.1902	0.0219	batch
ENSMUSG00000115503	0.0169	0.0498	0.0194	0.0523	group
ENSMUSG00000031714	0.1634	0.0424	0.1559	0.0350	batch
ENSMUSG00000047749	0.0054	0.0373	0.0056	0.0375	group
ENSMUSG00000037364	0.0059	0.1280	0.0085	0.1307	group
ENSMUSG00000022141	0.0021	0.1063	0.0009	0.1051	group
ENSMUSG00000049649	0.0126	0.0455	0.0108	0.0436	group
ENSMUSG00000069011	0.1083	0.0072	0.1061	0.0051	batch
ENSMUSG00000051116	0.4624	0.0772	0.4562	0.0710	batch
ENSMUSG00000112630	0.0541	0.0745	0.0481	0.0684	group
ENSMUSG00000028273	0.0007	0.0698	0.0002	0.0693	group
ENSMUSG00000048368	0.2583	0.2133	0.2760	0.2310	batch
ENSMUSG00000105572	0.4831	0.0293	0.4883	0.0346	batch
ENSMUSG00000074994	0.0773	0.0792	0.0858	0.0877	group
ENSMUSG00000031897	0.0277	0.0564	0.0316	0.0603	group
ENSMUSG00000109792	0.0143	0.3705	0.0078	0.3641	group
ENSMUSG00000041718	0.1445	0.0815	0.1471	0.0840	batch
ENSMUSG00000083087	0.1263	0.1255	0.1373	0.1365	batch
ENSMUSG00000079511	0.1565	0.1004	0.1694	0.1133	batch
ENSMUSG00000027867	0.0000	0.2411	0.0000	0.2410	group
ENSMUSG00000106692	0.0448	0.0242	0.0418	0.0211	batch
ENSMUSG00000047721	0.3322	0.0766	0.3459	0.0902	batch
ENSMUSG00000090475	0.1153	0.0002	0.1159	0.0008	batch
ENSMUSG00000047228	0.0218	0.0141	0.0207	0.0130	batch
ENSMUSG00000092212	0.1198	0.0389	0.1239	0.0430	batch
ENSMUSG00000044949	0.0498	0.0064	0.0511	0.0077	batch
ENSMUSG00000038876	0.2933	0.0091	0.2898	0.0057	batch
ENSMUSG00000045128	0.2500	0.1110	0.2668	0.1278	batch
ENSMUSG00000021182	0.0614	0.1248	0.0708	0.1342	group
ENSMUSG00000071648	0.0854	0.1048	0.0940	0.1134	group
ENSMUSG00000072494	0.1089	0.0182	0.1078	0.0171	batch
ENSMUSG00000033249	0.0011	0.0345	0.0007	0.0340	group
ENSMUSG00000113919	0.0029	0.2226	0.0009	0.2206	group
ENSMUSG00000091418	0.0001	0.0569	0.0001	0.0569	group
ENSMUSG00000097311	0.3623	0.0199	0.3700	0.0275	batch
ENSMUSG00000005917	0.0482	0.0414	0.0498	0.0429	batch
ENSMUSG00000092526	0.0006	0.0948	0.0015	0.0956	group
ENSMUSG00000007080	0.2569	0.0996	0.2570	0.0997	batch
ENSMUSG00000105987	0.0000	0.0047	0.0000	0.0048	group
ENSMUSG00000060176	0.0053	0.1449	0.0037	0.1433	group
ENSMUSG00000037681	0.0248	0.0088	0.0235	0.0075	batch
ENSMUSG00000029084	0.0011	0.0012	0.0012	0.0013	group
ENSMUSG00000067377	0.1630	0.0198	0.1684	0.0252	batch
ENSMUSG00000108381	0.0476	0.0457	0.0435	0.0415	batch
ENSMUSG00000071745	0.0023	0.2273	0.0028	0.2278	group
ENSMUSG00000020901	0.3282	0.0264	0.3203	0.0186	batch
ENSMUSG00000022969	0.0561	0.0653	0.0578	0.0671	group
ENSMUSG00000055172	0.0548	0.1460	0.0506	0.1418	group
ENSMUSG00000078570	0.4394	0.0308	0.4508	0.0421	batch
ENSMUSG00000034112	0.0773	0.0036	0.0791	0.0054	batch
ENSMUSG00000013974	0.0683	0.0479	0.0647	0.0442	batch
ENSMUSG00000025059	0.1061	0.0247	0.1108	0.0294	batch
ENSMUSG00000051735	0.0287	0.0250	0.0313	0.0276	batch
ENSMUSG00000029433	0.0000	0.0283	0.0000	0.0283	group
ENSMUSG00000028542	0.0007	0.0034	0.0006	0.0033	group
ENSMUSG00000028053	0.0491	0.0475	0.0542	0.0526	batch
ENSMUSG00000029049	0.0039	0.0378	0.0037	0.0375	group
ENSMUSG00000020804	0.0500	0.0207	0.0529	0.0236	batch
ENSMUSG00000069303	0.5445	0.0026	0.5439	0.0020	batch
ENSMUSG00000066829	0.1640	0.0100	0.1633	0.0094	batch
ENSMUSG00000063245	0.0827	0.0482	0.0891	0.0547	batch
ENSMUSG00000021919	0.0000	0.1745	0.0004	0.1750	group
ENSMUSG00000099891	0.0015	0.0467	0.0008	0.0460	group
ENSMUSG00000094463	0.1782	0.0139	0.1810	0.0168	batch
ENSMUSG00000069014	0.2047	0.0260	0.1983	0.0196	batch
ENSMUSG00000074218	0.0462	0.0376	0.0444	0.0358	batch
ENSMUSG00000109032	0.1259	0.1320	0.1373	0.1434	group
ENSMUSG00000020176	0.0002	0.0430	0.0000	0.0428	group
ENSMUSG00000034789	0.1513	0.0196	0.1516	0.0200	batch
ENSMUSG00000021240	0.0000	0.1070	0.0002	0.1072	group
ENSMUSG00000031666	0.0991	0.0076	0.0973	0.0058	batch
ENSMUSG00000051617	0.0465	0.0202	0.0452	0.0190	batch
ENSMUSG00000057696	0.4923	0.0826	0.5147	0.1049	batch
ENSMUSG00000021294	0.0594	0.0104	0.0585	0.0095	batch
ENSMUSG00000070808	0.1697	0.0963	0.1824	0.1090	batch
ENSMUSG00000028188	0.3756	0.0414	0.3737	0.0394	batch
ENSMUSG00000038550	0.0005	0.0770	0.0002	0.0766	group
ENSMUSG00000071265	0.0067	0.0083	0.0073	0.0089	group
ENSMUSG00000009406	0.1300	0.0135	0.1265	0.0100	batch
ENSMUSG00000021385	0.0580	0.0007	0.0575	0.0002	batch
ENSMUSG00000113529	0.0061	0.0209	0.0050	0.0199	group
ENSMUSG00000017969	0.0298	0.0275	0.0306	0.0283	batch
ENSMUSG00000021952	0.0650	0.2006	0.0774	0.2130	group
ENSMUSG00000102478	0.4394	0.0068	0.4382	0.0056	batch
ENSMUSG00000039069	0.0242	0.0285	0.0231	0.0274	group
ENSMUSG00000034317	0.0000	0.1081	0.0001	0.1081	group
ENSMUSG00000087354	0.1258	0.0602	0.1331	0.0676	batch
ENSMUSG00000116494	0.2593	0.0028	0.2620	0.0055	batch
ENSMUSG00000068874	0.2786	0.1190	0.2975	0.1379	batch
ENSMUSG00000040118	0.4377	0.0457	0.4529	0.0608	batch
ENSMUSG00000038916	0.0570	0.0216	0.0543	0.0190	batch
ENSMUSG00000078490	0.0378	0.0114	0.0401	0.0137	batch
ENSMUSG00000040848	0.0926	0.0452	0.0887	0.0413	batch
ENSMUSG00000033486	0.0257	0.1257	0.0306	0.1306	group
ENSMUSG00000018585	0.3066	0.0421	0.3192	0.0546	batch
ENSMUSG00000097006	0.1479	0.0661	0.1383	0.0565	batch
ENSMUSG00000027550	0.2722	0.0293	0.2822	0.0392	batch
ENSMUSG00000009418	0.1563	0.1652	0.1734	0.1822	group
ENSMUSG00000021590	0.3270	0.0063	0.3291	0.0084	batch
ENSMUSG00000035933	0.0006	0.0460	0.0007	0.0461	group
ENSMUSG00000049721	0.2120	0.0138	0.2181	0.0199	batch
ENSMUSG00000114252	0.0191	0.0744	0.0154	0.0708	group
ENSMUSG00000035495	0.1142	0.0177	0.1107	0.0141	batch
ENSMUSG00000094526	0.0089	0.0289	0.0091	0.0291	group
ENSMUSG00000060989	0.1744	0.0392	0.1678	0.0327	batch
ENSMUSG00000103149	0.0007	0.0560	0.0013	0.0565	group
ENSMUSG00000010064	0.0926	0.0329	0.0951	0.0354	batch
ENSMUSG00000078906	0.0571	0.1085	0.0531	0.1045	group
ENSMUSG00000047676	0.3567	0.0653	0.3712	0.0798	batch
ENSMUSG00000001056	0.2081	0.0735	0.2216	0.0870	batch
ENSMUSG00000031119	0.0554	0.0079	0.0573	0.0098	batch
ENSMUSG00000050534	0.1482	0.2537	0.1498	0.2553	group
ENSMUSG00000083246	0.0025	0.0987	0.0029	0.0991	group
ENSMUSG00000021453	0.1343	0.1075	0.1436	0.1168	batch
ENSMUSG00000070806	0.0031	0.0435	0.0039	0.0443	group
ENSMUSG00000006378	0.1751	0.0606	0.1807	0.0661	batch
ENSMUSG00000109404	0.0382	0.0240	0.0354	0.0213	batch
ENSMUSG00000032303	0.0002	0.1361	0.0007	0.1367	group
ENSMUSG00000053870	0.0130	0.0330	0.0110	0.0310	group
ENSMUSG00000103045	0.1973	0.0359	0.2031	0.0416	batch
ENSMUSG00000091742	0.1514	0.0386	0.1587	0.0459	batch
ENSMUSG00000117003	0.0726	0.0057	0.0747	0.0078	batch
ENSMUSG00000061578	0.1291	0.0562	0.1383	0.0654	batch
ENSMUSG00000024937	0.0341	0.0078	0.0353	0.0089	batch
ENSMUSG00000116174	0.0868	0.0975	0.0964	0.1071	group
ENSMUSG00000026222	0.0389	0.1348	0.0425	0.1385	group
ENSMUSG00000020059	0.5771	0.0261	0.5845	0.0335	batch
ENSMUSG00000030834	0.0656	0.0523	0.0719	0.0586	batch
ENSMUSG00000044005	0.0054	0.0005	0.0054	0.0006	batch
ENSMUSG00000059991	0.0451	0.0278	0.0487	0.0314	batch
ENSMUSG00000091476	0.0074	0.0179	0.0081	0.0187	group
ENSMUSG00000103685	0.0293	0.0632	0.0317	0.0656	group
ENSMUSG00000028584	0.0405	0.0679	0.0397	0.0670	group
ENSMUSG00000069515	0.1051	0.0578	0.0975	0.0503	batch
ENSMUSG00000107859	0.1479	0.0491	0.1556	0.0568	batch
ENSMUSG00000002885	0.0707	0.1105	0.0734	0.1133	group
ENSMUSG00000092162	0.0221	0.1092	0.0221	0.1092	group
ENSMUSG00000082195	0.0840	0.0138	0.0816	0.0114	batch
ENSMUSG00000074024	0.3988	0.0373	0.4024	0.0409	batch
ENSMUSG00000056220	0.0526	0.0907	0.0468	0.0849	group
ENSMUSG00000027702	0.0171	0.1427	0.0168	0.1424	group
ENSMUSG00000024395	0.0179	0.0286	0.0158	0.0265	group
ENSMUSG00000054000	0.3833	0.0163	0.3841	0.0171	batch
ENSMUSG00000014498	0.1152	0.1161	0.1277	0.1286	group
ENSMUSG00000027344	0.0063	0.1769	0.0049	0.1755	group
ENSMUSG00000082035	0.0400	0.1068	0.0470	0.1138	group
ENSMUSG00000084849	0.2396	0.0014	0.2416	0.0034	batch
ENSMUSG00000037999	0.0374	0.0130	0.0397	0.0153	batch
ENSMUSG00000026605	0.1106	0.0430	0.1039	0.0363	batch
ENSMUSG00000024193	0.0745	0.0295	0.0760	0.0310	batch
ENSMUSG00000026163	0.0009	0.0181	0.0005	0.0178	group
ENSMUSG00000035208	0.1338	0.0446	0.1417	0.0524	batch
ENSMUSG00000024965	0.0171	0.0761	0.0164	0.0753	group
ENSMUSG00000118751	0.2890	0.1950	0.2664	0.1725	batch
ENSMUSG00000022020	0.1776	0.0994	0.1920	0.1138	batch
ENSMUSG00000030750	0.1975	0.1310	0.2122	0.1457	batch
ENSMUSG00000026596	0.0111	0.1211	0.0077	0.1177	group
ENSMUSG00000019899	0.0520	0.0619	0.0467	0.0566	group
ENSMUSG00000072739	0.1387	0.1251	0.1321	0.1186	batch
ENSMUSG00000014907	0.0932	0.0064	0.0910	0.0042	batch
ENSMUSG00000029130	0.0655	0.0703	0.0591	0.0638	group
ENSMUSG00000083219	0.1428	0.0019	0.1421	0.0012	batch
ENSMUSG00000069307	0.5374	0.0032	0.5364	0.0023	batch
ENSMUSG00000028017	0.0018	0.0108	0.0014	0.0104	group
ENSMUSG00000037795	0.0172	0.1014	0.0217	0.1059	group
ENSMUSG00000020793	0.0032	0.0693	0.0019	0.0680	group
ENSMUSG00000035298	0.0169	0.0182	0.0183	0.0196	group
ENSMUSG00000039529	0.2228	0.0153	0.2252	0.0177	batch
ENSMUSG00000042708	0.0275	0.1366	0.0339	0.1430	group
ENSMUSG00000027574	0.4261	0.1197	0.4501	0.1437	batch
ENSMUSG00000020847	0.0017	0.0816	0.0008	0.0807	group
ENSMUSG00000027820	0.0348	0.0450	0.0389	0.0491	group
ENSMUSG00000091549	0.4319	0.0394	0.4441	0.0515	batch
ENSMUSG00000109305	0.0000	0.0834	0.0002	0.0836	group
ENSMUSG00000060890	0.0675	0.0144	0.0669	0.0138	batch
ENSMUSG00000042359	0.0163	0.1639	0.0114	0.1591	group
ENSMUSG00000050666	0.0014	0.0519	0.0007	0.0512	group
ENSMUSG00000028331	0.0482	0.0316	0.0445	0.0279	batch
ENSMUSG00000095616	0.2931	0.1797	0.2717	0.1583	batch
ENSMUSG00000113427	0.2388	0.0325	0.2478	0.0415	batch
ENSMUSG00000028132	0.1043	0.0420	0.1111	0.0488	batch
ENSMUSG00000115650	0.4019	0.1289	0.4266	0.1536	batch
ENSMUSG00000028680	0.0084	0.0436	0.0066	0.0418	group
ENSMUSG00000055818	0.2782	0.0672	0.2651	0.0540	batch
ENSMUSG00000097601	0.0611	0.0187	0.0600	0.0177	batch
ENSMUSG00000021457	0.0325	0.2805	0.0427	0.2907	group
ENSMUSG00000026581	0.0243	0.0939	0.0222	0.0918	group
ENSMUSG00000022016	0.0085	0.0302	0.0099	0.0316	group
ENSMUSG00000058624	0.0140	0.0016	0.0145	0.0021	batch
ENSMUSG00000113036	0.1461	0.0176	0.1446	0.0161	batch
ENSMUSG00000034109	0.0001	0.0558	0.0000	0.0557	group
ENSMUSG00000016494	0.0051	0.0221	0.0041	0.0211	group
